Name,Set code,Set name,Collector number,Foil,Rarity,Quantity,ManaBox ID,Scryfall ID,Purchase price,Misprint,Altered,Condition,Language,Purchase price currency
Bespoke Bō,TMT,Teenage Mutant Ninja Turtles,31,normal,uncommon,1,111580,6c517308-831b-4e41-a82c-02ddf6383a0c,0.08,false,false,near_mint,en,EUR
Return to the Sewers,TMT,Teenage Mutant Ninja Turtles,52,normal,common,1,111574,52e99505-17dc-4051-99f6-e23559fc6c95,0.06,false,false,near_mint,en,EUR
"April, Reporter of the Weird",TMT,Teenage Mutant Ninja Turtles,30,normal,uncommon,1,111454,31aa943f-c9db-43dc-8a72-7ef56f9f5c8b,0.09,false,false,near_mint,en,EUR
Metalhead,TMT,Teenage Mutant Ninja Turtles,44,normal,uncommon,1,111563,3c2d8b09-8694-45ab-be01-f8dc17378cf0,0.07,false,false,near_mint,en,EUR
"Renet, Temporal Apprentice",TMT,Teenage Mutant Ninja Turtles,50,normal,rare,1,110910,2ae30766-c858-4f4e-a042-14af55698cb2,0.2,false,false,near_mint,en,EUR
"Donatello, Way with Machines",TMT,Teenage Mutant Ninja Turtles,38,normal,uncommon,1,111499,a3a5b63a-3263-4f06-a643-808c38f64c77,0.13,false,false,near_mint,en,EUR
Negate,TMT,Teenage Mutant Ninja Turtles,47,normal,common,1,111242,52d58fe4-6070-4022-9cd7-c35a11b44525,0.07,false,false,near_mint,en,EUR
Mind Transfer Protocol,TMT,Teenage Mutant Ninja Turtles,45,normal,common,1,111447,2ddfcc4d-dd5f-42f1-8f33-a8e8b5354534,0.04,false,false,near_mint,en,EUR
Fugitive Droid,TMT,Teenage Mutant Ninja Turtles,40,normal,uncommon,1,111572,50c4e65f-00dc-4fc5-bd5c-8482c2848f4c,0.17,false,false,near_mint,en,EUR
"Donatello, Gadget Master",TMT,Teenage Mutant Ninja Turtles,212,normal,rare,1,111442,22b2d126-ddb4-413f-94ca-1ff39291c7c1,1.59,false,false,near_mint,en,EUR
"Krang, Master Mind",TMT,Teenage Mutant Ninja Turtles,43,normal,rare,1,109301,d27fa497-e842-4812-80fe-28517544e1c5,3.12,false,false,near_mint,en,EUR
Utrom Scientists,TMT,Teenage Mutant Ninja Turtles,56,normal,common,3,111478,6da89625-5278-49d4-813b-a1a631f114f5,0.04,false,false,near_mint,en,EUR
"Donatello, Turtle Techie",TMT,Teenage Mutant Ninja Turtles,37,normal,common,4,111475,683cfef0-f164-4db8-b83f-79eb804e50ae,0.05,false,false,near_mint,en,EUR
Crustacean Commando,TMT,Teenage Mutant Ninja Turtles,33,normal,common,3,111496,9528cc07-df4b-417f-ad65-c2fae6fc2d49,0.04,false,false,near_mint,en,EUR
"Stockman, Mad Fly-entist",TMT,Teenage Mutant Ninja Turtles,54,normal,common,2,111435,01ca65e2-898e-4150-a6bf-e61b183fd98a,0.04,false,false,near_mint,en,EUR
Retro-Mutation,TMT,Teenage Mutant Ninja Turtles,51,normal,common,2,111571,4af284ba-fa54-43c5-8c76-3e1128957452,0.05,false,false,near_mint,en,EUR
Buzz Bots,TMT,Teenage Mutant Ninja Turtles,32,normal,common,2,111484,7c375190-f81b-4ab1-a1b6-fe432796821f,0.04,false,false,near_mint,en,EUR
Frog Butler,TMT,Teenage Mutant Ninja Turtles,114,normal,common,1,111520,d1a72d09-9cfc-463a-a9ec-3359003d54da,0.08,false,false,near_mint,en,EUR
Novel Nunchaku,TMT,Teenage Mutant Ninja Turtles,127,normal,uncommon,1,111540,f37ef012-c566-4d16-acf8-6079244907be,0.09,false,false,near_mint,en,EUR
West Wind Avatar,TMT,Teenage Mutant Ninja Turtles,137,normal,uncommon,1,111610,f4b8f7e6-9bff-430b-b2f5-4308d57d1194,0.08,false,false,near_mint,en,EUR
"Mona Lisa, Science Geek",TMT,Teenage Mutant Ninja Turtles,123,normal,uncommon,1,111353,c2164204-120c-4dff-86ac-46ca9012ccd9,0.12,false,false,near_mint,en,EUR
"Rocksteady, Crash Courser",TMT,Teenage Mutant Ninja Turtles,131,normal,common,1,111607,ebbb5756-80fa-406f-8daa-be1f5a6c3c80,0.06,false,false,near_mint,en,EUR
Weather Maker,TMT,Teenage Mutant Ninja Turtles,182,normal,rare,1,110945,aaba62c1-760b-491b-8047-869bb1d3f67e,0.72,false,false,near_mint,en,EUR
Henchbots,TMT,Teenage Mutant Ninja Turtles,174,normal,uncommon,1,111524,d77aa46e-fa57-4427-b0a3-0a957dc994dc,0.05,false,false,near_mint,en,EUR
Omni-Cheese Pizza,TMT,Teenage Mutant Ninja Turtles,176,normal,common,1,111609,f2c8397c-2014-4a43-9ed7-41795880011f,0.08,false,false,near_mint,en,EUR
Everything Pizza,TMT,Teenage Mutant Ninja Turtles,173,normal,uncommon,1,111373,df2cdaa5-9ea0-4aa5-89d3-9edf40fa2a39,0.07,false,false,near_mint,en,EUR
Turtle Blimp,TMT,Teenage Mutant Ninja Turtles,180,normal,uncommon,1,111581,6e118fc5-b0ae-4592-8292-d611856ae203,0.05,false,false,near_mint,en,EUR
Zoo Escapees,TMT,Teenage Mutant Ninja Turtles,138,normal,common,2,111542,f57ba8ff-2f8c-4ca1-9b13-42a7cc213e99,0.04,false,false,near_mint,en,EUR
Guac & Marshmallow Pizza,TMT,Teenage Mutant Ninja Turtles,116,normal,common,2,111500,a5405de0-16c9-4e5a-8ceb-00508e212f12,0.1,false,false,near_mint,en,EUR
Ragamuffin Raptor,TMT,Teenage Mutant Ninja Turtles,130,normal,common,2,111449,2edc1d40-3154-4ec0-88c7-faf35fd5e560,0.04,false,false,near_mint,en,EUR
Saved by the Shell,TMT,Teenage Mutant Ninja Turtles,132,normal,uncommon,2,111611,f6314c7f-41dc-4bbd-99db-3a8a1d2977b2,0.14,false,false,near_mint,en,EUR
Cowabunga!,TMT,Teenage Mutant Ninja Turtles,113,normal,common,2,111183,0ffce972-bed9-445a-a9a0-4816f156d88d,0.04,false,false,near_mint,en,EUR
Tenderize,TMT,Teenage Mutant Ninja Turtles,133,normal,common,4,111511,bc19807b-09e8-4923-abc3-d4bbe8cde5fc,0.05,false,false,near_mint,en,EUR
"Michelangelo, Game Master",TMT,Teenage Mutant Ninja Turtles,118,normal,common,3,111448,2e914c3d-2eed-48bf-af9a-a8998fd5111d,0.06,false,false,near_mint,en,EUR
Mutant Chain Reaction,TMT,Teenage Mutant Ninja Turtles,125,normal,common,2,111297,8763e0ee-a48e-424f-8bce-132582d5944b,0.06,false,false,near_mint,en,EUR
Primordial Pachyderm,TMT,Teenage Mutant Ninja Turtles,129,normal,common,2,111531,e1a866e6-4108-4290-9680-8f1652fbcf77,0.09,false,false,near_mint,en,EUR
Courier of Comestibles,TMT,Teenage Mutant Ninja Turtles,112,normal,uncommon,2,111245,53f5f704-2265-42bb-bff5-fd9d85bc2bfb,0.08,false,false,near_mint,en,EUR
Skateboard,TMT,Teenage Mutant Ninja Turtles,178,normal,uncommon,2,111527,deadb6d8-3eea-4261-a07c-8536df89e85c,0.49,false,false,near_mint,en,EUR
Technodrome,TMT,Teenage Mutant Ninja Turtles,179,normal,mythic,2,110909,287f5ab0-b15b-4507-8a24-585f9a9841ad,4.06,false,false,near_mint,en,EUR
"Splinter, Radical Rat",TMT,Teenage Mutant Ninja Turtles,169,normal,rare,1,110958,f0797466-c527-4d35-86bc-e0e90fd04073,1.18,false,false,near_mint,en,EUR
Genghis Frog,TMT,Teenage Mutant Ninja Turtles,148,normal,uncommon,1,111283,7df26085-eedb-4bdd-a60a-aabfbe9c3157,0.12,false,false,near_mint,en,EUR
The Neutrinos,TMT,Teenage Mutant Ninja Turtles,160,normal,uncommon,1,111556,1308dadc-08a9-40bd-98a4-fb66d792e27d,0.08,false,false,near_mint,en,EUR
Brilliance Unleashed,TMT,Teenage Mutant Ninja Turtles,141,normal,uncommon,1,111595,b7ab2110-5aad-46c9-8dc4-1eac24b6f46b,0.06,false,false,near_mint,en,EUR
Baxter Stockman,TMT,Teenage Mutant Ninja Turtles,139,normal,uncommon,1,111555,117b1341-2cf0-466e-b3a8-7e1afa42cd4c,0.06,false,false,near_mint,en,EUR
"Mikey & Don, Party Planners",TMT,Teenage Mutant Ninja Turtles,157,normal,rare,1,110923,6353df1a-9a1b-41fd-985b-8c8acba36c23,0.49,false,false,near_mint,en,EUR
Tainted Treats,TMT,Teenage Mutant Ninja Turtles,170,normal,uncommon,1,111613,fa684608-ecd3-43e2-99a1-71318f133e29,0.12,false,false,near_mint,en,EUR
EPF Point Squad,TMT,Teenage Mutant Ninja Turtles,145,normal,common,1,111545,faab52c0-ce79-40af-a156-b193a62d439e,0.04,false,false,near_mint,en,EUR
Dark Leo & Shredder,TMT,Teenage Mutant Ninja Turtles,142,normal,mythic,1,110947,bab93474-2f98-49a1-874f-b794bf81bd0c,6.02,false,false,near_mint,en,EUR
Lessons from Life,TMT,Teenage Mutant Ninja Turtles,155,normal,uncommon,1,111182,0f886117-aff3-4db7-9cf5-7cbe94c8cd02,0.19,false,false,near_mint,en,EUR
Slithering Cryptid,TMT,Teenage Mutant Ninja Turtles,168,normal,common,1,111476,6d35cb39-8832-4cf1-be73-8de49fbea529,0.04,false,false,near_mint,en,EUR
Punk Frogs,TMT,Teenage Mutant Ninja Turtles,164,normal,common,2,111561,375c91a3-53c4-4f2d-bf7b-2c79a219d3ae,0.03,false,false,near_mint,en,EUR
Nobody,TMT,Teenage Mutant Ninja Turtles,161,normal,common,2,111553,0966b8ff-61d3-4394-a357-97c35f042a29,0.05,false,false,near_mint,en,EUR
Karai's Technique,TMT,Teenage Mutant Ninja Turtles,152,normal,uncommon,2,111549,037fe188-3355-4724-b2eb-e2448fc55607,0.1,false,false,near_mint,en,EUR
Mouser Mark III,TMT,Teenage Mutant Ninja Turtles,159,normal,common,3,111469,608a13b4-0b94-4be5-ac4b-e939901e8419,0.04,false,false,near_mint,en,EUR
Putrid Pals,TMT,Teenage Mutant Ninja Turtles,165,normal,common,4,111567,42cdb88d-675a-43bb-b85c-51c4cc526315,0.03,false,false,near_mint,en,EUR
Mechanized Ninja Cavalry,TMT,Teenage Mutant Ninja Turtles,156,normal,common,2,111445,2cb65388-dc6c-4e2a-93ac-49ea484849e9,0.09,false,false,near_mint,en,EUR
Dazzling Theater // Prop Room,DSK,Duskmourn: House of Horror,334,normal,rare,1,99263,988219dd-1b39-4c46-a3e3-844ca38e6e26,0.71,false,false,near_mint,en,EUR
Nova Hellkite,EOE,Edge of Eternities,148,normal,rare,1,107011,424af0d0-398c-4d78-9ad5-2171bf1bcbd1,1.35,false,false,near_mint,en,EUR
"Sami, Ship's Engineer",EOE,Edge of Eternities,225,normal,uncommon,1,106764,75c38cc9-07de-46d4-8195-f04b2b7e0fee,0.05,false,false,near_mint,en,EUR
Rugged Highlands,FDN,Foundations,265,normal,common,2,101400,fd6eaf8e-8881-4d7b-bafc-75e4ca5cbef6,0.05,false,false,near_mint,en,EUR
Jungle Hollow,FDN,Foundations,263,normal,common,1,101224,dc758e14-d370-45e4-bbc5-938fb4d21127,0.07,false,false,near_mint,en,EUR
Wind-Scarred Crag,IKO,Ikoria: Lair of Behemoths,258,normal,common,1,49819,86367edc-9587-4f3b-aa95-c3a2bfc8c6f4,0.09,false,false,near_mint,en,EUR
Swiftwater Cliffs,FDN,Foundations,268,normal,common,2,101389,fb88667d-7088-4889-960f-317486ebe856,0.05,false,false,near_mint,en,EUR
Scoured Barrens,TDM,Tarkir: Dragonstorm,267,normal,common,1,104346,b4b47b80-69ed-44b0-afa0-ca90206dc16d,0.07,false,false,near_mint,en,EUR
Thornwood Falls,IKO,Ikoria: Lair of Behemoths,256,normal,common,1,49821,8d011b0f-1681-4a51-9f5d-47ad135d03fe,0.05,false,false,near_mint,en,EUR
Bloodfell Caves,FDN,Foundations,259,normal,common,1,100806,8b90dc92-cb66-41d9-89f9-2b6e3cfc8082,0.07,false,false,near_mint,en,EUR
Rugged Highlands,TDM,Tarkir: Dragonstorm,265,normal,common,1,104267,31261eca-28ad-407c-84ef-0c124d0d7451,0.07,false,false,near_mint,en,EUR
Blossoming Sands,FDN,Foundations,260,normal,common,2,100364,37676ed8-588c-4bca-8065-874b74d84807,0.06,false,false,near_mint,en,EUR
Roadside Reliquary,NEO,Kamigawa: Neon Dynasty,272,normal,uncommon,1,66741,8002de90-93fb-48ea-a849-40fdad0aef5a,0.16,false,false,near_mint,en,EUR
Noxious Gearhulk,TDC,Tarkir: Dragonstorm Commander,191,normal,mythic,1,104511,289c11b7-a460-4a2f-b11a-e1ba54bd1f34,0.5,false,false,near_mint,en,EUR
Promising Vein,LCI,The Lost Caverns of Ixalan,279,normal,common,1,88998,e9681a54-6413-4ff4-b6b1-ee4decb25bfa,0.09,false,false,near_mint,en,EUR
The World Tree,KHM,Kaldheim,275,normal,rare,1,57026,a70cb6d9-3955-4064-917b-11dec26440c5,5.06,false,false,near_mint,en,EUR
Peculiar Lighthouse,DSK,Duskmourn: House of Horror,265,normal,common,1,98620,3a6e40c0-e70e-4353-a920-9851cfac71dd,0.1,false,false,near_mint,en,EUR
Murky Sewer,DSK,Duskmourn: House of Horror,263,normal,common,1,98632,6098d8be-4e3f-455d-8799-91435bf45a1c,0.13,false,false,near_mint,en,EUR
Neglected Manor,DSK,Duskmourn: House of Horror,264,normal,common,1,98608,11cf1531-8a3c-4e28-a114-d3a342b33bb6,0.12,false,false,near_mint,en,EUR
Etched Cornfield,DSK,Duskmourn: House of Horror,258,normal,common,1,98681,f8900b89-0e10-4602-bba2-da8d60ea5885,0.09,false,false,near_mint,en,EUR
Forgotten Monument,LCI,The Lost Caverns of Ixalan,272,normal,uncommon,1,88953,de8c1c02-e533-46b2-a3eb-91dff561854b,0.09,false,false,near_mint,en,EUR
Command Bridge,EOE,Edge of Eternities,252,normal,common,1,106926,247670d2-a7cd-4ed7-9c77-704c7962b815,0.12,false,false,near_mint,en,EUR
Terramorphic Expanse,10E,Tenth Edition,360,normal,common,1,25666,6858542c-b8f9-449b-b7da-65c96a67636a,0.09,false,false,near_mint,en,EUR
Hidden Courtyard,LCI,The Lost Caverns of Ixalan,274,normal,common,1,88838,b8685d46-99fc-44b3-be95-707a4b7b8327,0.08,false,false,near_mint,en,EUR
Hidden Necropolis,LCI,The Lost Caverns of Ixalan,275,normal,common,2,89040,f67fd04f-05da-4418-97de-abeb7346cc69,0.08,false,false,near_mint,en,EUR
Hidden Cataract,LCI,The Lost Caverns of Ixalan,273,normal,common,1,88567,69f317fc-f603-45b5-9208-545be4dcbf36,0.06,false,false,near_mint,en,EUR
Leyline Axe,FDN,Foundations,129,normal,rare,1,101052,b9c03336-a321-4c06-94d1-809f328fabd8,1.63,false,false,near_mint,en,EUR
Haunted Ridge,INR,Innistrad Remastered,280,normal,rare,1,102482,32f1e668-89b8-4f82-afc1-6c3efb1fef3b,5.18,false,false,near_mint,en,EUR
Adventuring Gear,FDN,Foundations,249,normal,uncommon,1,100358,361f9b99-5b5d-40da-b4b9-5ad90f6280ee,0.1,false,false,near_mint,en,EUR
Season of Growth,WOT,Wilds of Eldraine: Enchanting Tales,61,normal,uncommon,1,85494,742f2d20-0f6b-488e-ae37-54a41522c191,0.18,false,false,near_mint,en,EUR
Final Act,M3C,Modern Horizons 3 Commander,104,normal,rare,1,94268,0991db5d-2aba-467f-9044-c11e024d5d43,0.46,false,false,near_mint,en,EUR
Rankle's Prank,WOE,Wilds of Eldraine,102,normal,rare,1,85801,e8a9bdcf-160a-48c9-9750-778c910b805d,0.38,false,false,near_mint,en,EUR
Cemetery Reaper,DRC,Aetherdrift Commander,87,normal,rare,1,103240,b874f27a-2e10-4331-8f6d-fd3575be0885,0.31,false,false,near_mint,en,EUR
Annihilating Glare,ONE,Phyrexia: All Will Be One,80,normal,common,1,78816,be5d0b95-ec12-4e8e-99a0-7aca457f9107,0.13,false,false,near_mint,en,EUR
Champion of the Perished,MID,Innistrad: Midnight Hunt,91,normal,rare,1,63340,8d8e6941-ad6e-4d2f-93c0-be79e75bdf06,1.22,false,false,near_mint,en,EUR
Shambling Ghast,AFR,Adventures in the Forgotten Realms,119,normal,common,1,60461,d96198a7-dd19-4940-bf8f-23135011fc84,1.14,false,false,near_mint,en,EUR
"Grimgrin, Corpse-Born",INR,Innistrad Remastered,239,normal,mythic,1,102504,3c257fe6-1038-4167-ae78-90309974b925,1.4,false,false,near_mint,en,EUR
Overseer of the Damned,MKC,Murders at Karlov Manor Commander,132,normal,rare,1,90255,0a1a06a4-af73-43e3-a2cd-3a2f0f9b18f0,0.26,false,false,near_mint,en,EUR
Brass's Bounty,FDN,Foundations,190,normal,rare,1,100610,65fe7127-b0ec-400f-97f1-6e17ab8e319d,0.24,false,false,near_mint,en,EUR
Fathom Fleet Swordjack,CMR,Commander Legends,177,normal,uncommon,1,56067,53c267b7-dbd6-43c5-9741-10f635bff4b1,0.19,false,false,near_mint,en,EUR
Deadeye Plunderers,XLN,Ixalan,220,normal,uncommon,1,3792,63a7a1a4-aec2-467d-91a1-1a2605718c7c,0.14,false,false,near_mint,en,EUR
Deadeye Quartermaster,XLN,Ixalan,50,normal,uncommon,1,3962,5ba70d58-69fd-4675-85d2-90bc2595c01c,0.25,false,false,near_mint,en,EUR
Marina Vendrell,DSK,Duskmourn: House of Horror,221,normal,rare,1,99182,6428cddc-2fb6-41af-a643-e83c81dc04f5,0.13,false,false,near_mint,en,EUR
Claim Jumper,OTJ,Outlaws of Thunder Junction,8,normal,rare,1,93191,654ade6b-0369-4b90-a744-2f57a45b04f4,1.08,false,false,near_mint,en,EUR
Spinewoods Armadillo,OTJ,Outlaws of Thunder Junction,182,normal,uncommon,1,93429,f79d63e7-a8c6-4750-91c9-c575a4d0561b,0.14,false,false,near_mint,en,EUR
Rush of Dread,OTJ,Outlaws of Thunder Junction,104,normal,rare,1,93217,721c7122-91b6-45ea-ba28-de0246a2fc1b,0.41,false,false,near_mint,en,EUR
Invigorating Hot Spring,NEO,Kamigawa: Neon Dynasty,223,normal,uncommon,1,66713,59a118d1-30b8-42c0-ac42-6fba0778200a,0.16,false,false,near_mint,en,EUR
"Magda, the Hoardmaster",OTJ,Outlaws of Thunder Junction,374,foil,rare,1,93097,2834e84e-e932-4052-9dad-2e1c8e76fbbc,0.34,false,false,near_mint,en,EUR
Waterspout Warden,BLB,Bloomburrow,80,normal,common,3,95909,35898b39-98e2-405b-8f18-0e054bd2c29e,0.05,false,false,near_mint,en,EUR
Pileated Provisioner,BLB,Bloomburrow,25,normal,common,3,96102,ae442cd6-c4df-4aad-9b1d-ccd936c5ec96,0.03,false,false,near_mint,en,EUR
Clifftop Lookout,BLB,Bloomburrow,168,normal,uncommon,2,95931,662d3bcc-65f3-4c69-8ea1-446870a1193d,0.14,false,false,near_mint,en,EUR
Fecund Greenshell,BLB,Bloomburrow,171,normal,rare,1,96071,80b3e815-0e2e-4325-b1d5-5531b7b92da6,0.69,false,false,near_mint,en,EUR
Serra Angel,FDN,Foundations,147,normal,uncommon,1,100391,3cee9303-9d65-45a2-93d4-ef4aba59141b,0.07,false,false,near_mint,en,EUR
Colossification,BLB,Bloomburrow,392,normal,rare,1,96111,c2cad902-ffd2-4bab-b114-b4b6df2ac6b3,0.36,false,false,near_mint,en,EUR
Serra Redeemer,BLB,Bloomburrow,387,normal,rare,1,96008,230b9aef-bd9c-4332-ace4-b5b065bac6d8,0.26,false,false,near_mint,en,EUR
Treeguard Duo,BLB,Bloomburrow,200,normal,common,3,96077,89c8456e-c971-42b7-abf3-ff5ae1320abe,0.06,false,false,near_mint,en,EUR
Druid of the Spade,BLB,Bloomburrow,170,normal,common,3,96054,6b485cf7-bad0-4824-9ba7-cb112ce4769f,0.04,false,false,near_mint,en,EUR
Warren Elder,BLB,Bloomburrow,37,normal,common,3,96030,4bf20069-5a20-4f95-976b-6af2b69f3ad0,0.04,false,false,near_mint,en,EUR
"Finneas, Ace Archer",BLB,Bloomburrow,212,normal,rare,1,95741,0dee197d-c313-4364-b52c-f83d5f579bc3,0.25,false,false,near_mint,en,EUR
"Byrke, Long Ear of the Law",BLB,Bloomburrow,380,foil,mythic,1,91703,6441abd3-320b-424a-9753-61e3581fe1a9,2.76,false,false,near_mint,en,EUR
Prickly Marmoset,IKO,Ikoria: Lair of Behemoths,129,normal,common,1,49948,bad8512f-31b9-48ba-bb10-1497303dcfba,0.06,false,false,near_mint,en,EUR
Serrated Scorpion,IKO,Ikoria: Lair of Behemoths,99,normal,common,1,49978,bc8f0242-35e1-4409-9321-56e742e8fef4,0.13,false,false,near_mint,en,EUR
Trumpeting Gnarr,IKO,Ikoria: Lair of Behemoths,213,normal,uncommon,1,49864,063a95ee-3fda-436f-9ff8-de80cc874dde,0.12,false,false,near_mint,en,EUR
"Obosh, the Preypiercer",IKO,Ikoria: Lair of Behemoths,228,normal,rare,1,49849,451507de-9c42-43ee-b9ba-1f69e9aa29d2,0.2,false,false,near_mint,en,EUR
Lore Drakkis,IKO,Ikoria: Lair of Behemoths,194,normal,uncommon,1,49883,83e035ca-eccd-4b63-817c-f2c676b9c98d,0.11,false,false,near_mint,en,EUR
Mysterious Egg,IKO,Ikoria: Lair of Behemoths,3,normal,common,1,50074,cdfac3c3-7f38-49d6-bd88-dc0f5001116f,0.09,false,false,near_mint,en,EUR
Auspicious Starrix,IKO,Ikoria: Lair of Behemoths,144,normal,uncommon,1,49933,a39ae1e4-d4dd-4691-af5a-5fa25ace4ebe,0.15,false,false,near_mint,en,EUR
Parcelbeast,IKO,Ikoria: Lair of Behemoths,199,normal,uncommon,1,49878,610bb98c-d66a-44cc-92e2-a80d700b59e4,0.16,false,false,near_mint,en,EUR
Boot Nipper,IKO,Ikoria: Lair of Behemoths,76,normal,common,1,50001,cff5a5b8-f823-4429-acd8-c4f34a676cb4,0.07,false,false,near_mint,en,EUR
Warden of the Inner Sky,LCI,The Lost Caverns of Ixalan,359,normal,rare,1,88650,848b1e97-d1c7-450e-a935-50b386b6b762,0.54,false,false,near_mint,en,EUR
Burrowguard Mentor,BLB,Bloomburrow,206,normal,uncommon,2,95945,87138ace-3594-499e-bad5-ec76148613ea,0.12,false,false,near_mint,en,EUR
Mythos of Illuna,PIKO,Ikoria: Lair of Behemoths Promos,58s,foil,rare,1,50575,4dd48247-78c2-4329-8789-215f3d2d92dd,0.64,false,false,near_mint,en,EUR
Harmonic Sliver,TSP,Time Spiral,240,normal,uncommon,1,26660,f7904997-a857-44f0-91d8-b78651bb4e83,0.38,false,false,near_mint,en,EUR
"Ultima, Origin of Oblivion",FIN,Final Fantasy,2,normal,rare,1,106186,d55a4c02-1aa4-454c-9041-84937377a53b,0.71,false,false,near_mint,en,EUR
Thrummingbird,ONE,Phyrexia: All Will Be One,288,normal,uncommon,1,78511,3c9dd552-1020-4e82-ba51-f54b3938b920,0.13,false,false,near_mint,en,EUR
"Lord Skitter, Sewer King",WOE,Wilds of Eldraine,97,normal,rare,1,85487,729877be-4894-4ef5-9e60-de8a8fb2bdc0,3.16,false,false,near_mint,en,EUR
Hypothesizzle,OTP,Breaking News,48,normal,uncommon,1,93142,4448d31e-faf4-4281-af48-4f638b939a62,0.04,false,false,near_mint,en,EUR
"Vito, Fanatic of Aclazotz",LCI,The Lost Caverns of Ixalan,243,normal,mythic,1,88879,c4fd9047-df91-4d82-be00-c623acae0f01,0.75,false,false,near_mint,en,EUR
"Dina, Soul Steeper",MUL,Multiverse Legends,37,normal,uncommon,1,81405,8d07b9f4-7a92-41ee-bdd8-2c8dbe247ac5,0.12,false,false,near_mint,en,EUR
Imprisoned in the Moon,INR,Innistrad Remastered,69,normal,common,1,102416,0d150547-09f5-45ce-a825-89944b066bd4,0.13,false,false,near_mint,en,EUR
Balthier and Fran,FIN,Final Fantasy,393,normal,rare,1,105713,c8198264-150f-4f95-9de1-cbc7fa456535,1.14,false,false,near_mint,en,EUR
Spirited Companion,BLC,Bloomburrow Commander,155,normal,common,1,96423,ada3dc9c-2f83-4f52-8776-ef23d45cc4eb,0.21,false,false,near_mint,en,EUR
Anthem of Champions,FDN,Foundations,116,normal,rare,1,95580,42fe3a40-9cbe-4235-86f9-32576aaebba8,0.25,false,false,near_mint,en,EUR
Conductive Machete,DSK,Duskmourn: House of Horror,244,normal,uncommon,1,98958,1cf37c1a-096b-4306-97cf-bc4d4c47d4a1,0.06,false,false,near_mint,en,EUR
Celestial Armor,FDN,Foundations,5,normal,rare,1,100742,809ee8ad-1573-49e5-9e84-b7cdd29efcae,0.36,false,false,near_mint,en,EUR
Consulate Turret,AER,Aether Revolt,147,normal,common,1,6267,e0c55b5b-58fd-4340-b089-8e271633e8dd,0.08,false,false,near_mint,en,EUR
Solar Transformer,MH3,Modern Horizons 3,211,normal,uncommon,1,94800,b87315b3-d3a3-4eef-8a20-90587b36f551,0.15,false,false,near_mint,en,EUR
Enthusiastic Mechanaut,NEO,Kamigawa: Neon Dynasty,218,normal,uncommon,1,66434,ac00521f-1b7d-478d-afe8-6761ea512d8d,0.24,false,false,near_mint,en,EUR
Hope of Ghirapur,AER,Aether Revolt,154,normal,rare,1,6260,6f4bcadd-7eff-4294-94d5-52482a734d5b,1.63,false,false,near_mint,en,EUR
Elvish Archdruid,FDN,Foundations,219,normal,rare,1,100341,341da856-7414-403b-b2e3-4bebd58a5aa4,0.57,false,false,near_mint,en,EUR
Under the Skin,DSK,Duskmourn: House of Horror,323,normal,uncommon,1,98879,9eb34e17-bc12-4a4e-a418-0dbd3e6665a8,0.09,false,false,near_mint,en,EUR
Jeskai Revelation,TDM,Tarkir: Dragonstorm,361,normal,mythic,1,104741,7679a6a2-7704-4f37-9fdd-24414d411599,1.11,false,false,near_mint,en,EUR
"Ragost, Deft Gastronaut",EOE,Edge of Eternities,224,normal,rare,1,106939,011374c3-f69d-4573-8c32-5bd0fe083d6a,0.27,false,false,near_mint,en,EUR
"Mm'menon, the Right Hand",EOE,Edge of Eternities,290,normal,rare,2,107433,53bd9149-e157-4f0b-becf-0b64f47dbad3,1.12,false,false,near_mint,en,EUR
"Haliya, Guided by Light",EOE,Edge of Eternities,19,normal,rare,2,107055,6f7c63ae-5df3-410f-8643-b8c69133ca9d,3.38,false,false,near_mint,en,EUR
Eusocial Engineering,EOE,Edge of Eternities,181,normal,uncommon,1,106940,011bd7d8-6d60-482a-91b7-d3f0aad13b71,0.13,false,false,near_mint,en,EUR
Riling Dawnbreaker // Signaling Roar,TDM,Tarkir: Dragonstorm,292,normal,common,1,104607,48b73810-3abd-4469-a6f0-993b6fedc315,0.06,false,false,near_mint,en,EUR
Ruinous Ultimatum,IKO,Ikoria: Lair of Behemoths,204,normal,rare,1,49873,50c1d6ca-7789-46b5-bc89-85cc3915cb85,2.09,false,false,near_mint,en,EUR
Dr. Madison Li,PIP,Fallout,1066,etched,mythic,1,92383,833fe154-fe11-4bef-8194-812cccacd4fb,0.23,false,false,near_mint,en,EUR
"Admiral Brass, Unsinkable",LCC,The Lost Caverns of Ixalan Commander,121,etched,mythic,1,88679,8d00400d-4eb2-4430-836d-6a7e8eec3f40,12.35,false,false,near_mint,en,EUR
Duress,M10,Magic 2010,96,normal,common,1,23257,d759602b-38c9-42fe-902a-0e696ccbdf13,0.15,false,false,near_mint,en,EUR
Transmutation Font,PW24,Wizards Play Network 2024,11,foil,mythic,1,93017,9e0834f7-e7fc-4f47-9d45-d555b50990a0,0.39,false,false,near_mint,en,EUR
Illvoi Infiltrator,EOE,Edge of Eternities,59,normal,uncommon,2,107702,2db4ed41-0426-4d7f-bb43-e43392bed83b,0.07,false,false,near_mint,en,EUR
Super Shredder,TMT,Teenage Mutant Ninja Turtles,83,normal,mythic,1,109276,37a497b8-e908-4ddc-996e-a8470df72afb,19.5,false,false,near_mint,en,EUR
"Splinter, Hamato Yoshi",TMT,Teenage Mutant Ninja Turtles,79,normal,uncommon,1,111591,9ea9d072-aa98-405e-a475-26f93cc37e53,0.15,false,false,near_mint,en,EUR
"Savanti Romero, Time's Exile",TMT,Teenage Mutant Ninja Turtles,72,normal,rare,1,110901,01cb8ded-7f77-4b75-b799-23e9f5efb513,0.3,false,false,near_mint,en,EUR
"Armaggon, Future Shark",TMT,Teenage Mutant Ninja Turtles,58,normal,rare,1,110922,5989378b-0eac-43cf-bc83-8f7765536789,0.42,false,false,near_mint,en,EUR
Pain 101,TMT,Teenage Mutant Ninja Turtles,69,normal,common,1,111592,a1c70bf2-b2bd-4585-ba50-304f4dad8e62,0.06,false,false,near_mint,en,EUR
Ninja Teen,TMT,Teenage Mutant Ninja Turtles,67,normal,rare,1,110903,0825a28f-f60b-4f80-83e3-cad6f9b266ce,1.73,false,false,near_mint,en,EUR
Dream Beavers,TMT,Teenage Mutant Ninja Turtles,62,normal,uncommon,1,111576,600e3bc1-9777-4057-a11e-4f61582636c6,0.2,false,false,near_mint,en,EUR
Spicy Oatmeal Pizza,TMT,Teenage Mutant Ninja Turtles,109,normal,uncommon,1,111357,c4aeb45b-13ed-43ad-a366-7be10dec6222,0.08,false,false,near_mint,en,EUR
Bot Bashing Time,TMT,Teenage Mutant Ninja Turtles,85,normal,common,1,111552,08b3af61-d516-45ca-aede-2f50ba23cb07,0.03,false,false,near_mint,en,EUR
Improvised Arsenal,TMT,Teenage Mutant Ninja Turtles,92,normal,rare,1,110900,003265d9-b2fc-4916-afc8-53ed2d6aa053,0.58,false,false,near_mint,en,EUR
"General Traag, Heart of Stone",TMT,Teenage Mutant Ninja Turtles,90,normal,uncommon,1,111529,e02e971f-6008-4c82-acd2-2aed13009ccb,0.06,false,false,near_mint,en,EUR
"Wingnut, Bat on the Belfry",TMT,Teenage Mutant Ninja Turtles,110,normal,uncommon,1,111457,40b9b1d0-b7d1-473e-b6a9-a29d527c2f35,0.08,false,false,near_mint,en,EUR
Raphael's Technique,TMT,Teenage Mutant Ninja Turtles,105,normal,rare,1,109288,7ce8b00f-5a4f-4206-8eb3-e79308e91f47,0.54,false,false,near_mint,en,EUR
Hard-Won Jitte,TMT,Teenage Mutant Ninja Turtles,91,normal,uncommon,1,111250,5d3dc219-f024-49de-b88d-dc1e9e84184c,0.12,false,false,near_mint,en,EUR
Manhole Missile,TMT,Teenage Mutant Ninja Turtles,94,normal,common,1,111444,243e392b-48b0-4e90-ae22-9a696f45e878,0.04,false,false,near_mint,en,EUR
"Raphael, Most Attitude",TMT,Teenage Mutant Ninja Turtles,101,normal,uncommon,1,111487,88385a87-f931-409f-8a21-250f0866d63d,0.1,false,false,near_mint,en,EUR
"Casey Jones, Jury-Rig Justiciar",TMT,Teenage Mutant Ninja Turtles,207,normal,uncommon,1,111539,f1210cc4-b968-4454-b314-4e9af9f56946,0.15,false,false,near_mint,en,EUR
Leader's Talent,TMT,Teenage Mutant Ninja Turtles,13,normal,rare,1,110919,4cbcb622-1aff-460f-b8fa-4502d991e0ad,0.59,false,false,near_mint,en,EUR
"Leonardo, Leader in Blue",TMT,Teenage Mutant Ninja Turtles,16,normal,uncommon,1,111523,d6eaae35-d513-43d8-be2d-b97c15e25937,0.12,false,false,near_mint,en,EUR
Mighty Mutanimals,TMT,Teenage Mutant Ninja Turtles,21,normal,uncommon,1,111467,5dd5369c-174c-450b-b776-553866787f8f,0.09,false,false,near_mint,en,EUR
Action News Crew,TMT,Teenage Mutant Ninja Turtles,1,normal,common,1,111347,bc0f5ca8-47bd-4451-8fd1-a312ff7d31ec,0.04,false,false,near_mint,en,EUR
Make Your Move,TMT,Teenage Mutant Ninja Turtles,20,normal,common,1,111537,ed8bdd98-6377-40cf-b381-cee38b1bda2a,0.05,false,false,near_mint,en,EUR
Turtles Forever,TMT,Teenage Mutant Ninja Turtles,27,normal,rare,1,109306,f0db974a-3289-4727-9aaf-e9cca9113c87,0.4,false,false,near_mint,en,EUR
"Sally Pride, Lioness Leader",TMT,Teenage Mutant Ninja Turtles,24,normal,rare,1,110948,bcd8ee6b-7142-4548-8b7a-691a36411851,0.33,false,false,near_mint,en,EUR
Dimensional Exile,TMT,Teenage Mutant Ninja Turtles,4,normal,uncommon,1,111349,be8d96fb-a1be-4fff-b844-e38d185884e1,0.13,false,false,near_mint,en,EUR
Quintessential Katana,TMT,Teenage Mutant Ninja Turtles,23,normal,uncommon,1,111538,ef9e227e-c581-479c-a962-2f191352b07f,0.1,false,false,near_mint,en,EUR
"Jennika, Bad Apple Big Sister",TMT,Teenage Mutant Ninja Turtles,203,normal,common,1,111472,64c6cf57-bc43-4b36-a01c-f4b2fadc8ce2,0.07,false,false,near_mint,en,EUR
"Agent Bishop, Man in Black",TMT,Teenage Mutant Ninja Turtles,2,normal,rare,1,110938,9c769202-178c-442a-a9e2-aa08b5ae5c9a,0.27,false,false,near_mint,en,EUR
High-Flying Ace,TMT,Teenage Mutant Ninja Turtles,9,normal,common,1,111535,e927eb0b-1c69-421a-8acd-01e92f729ffb,0.03,false,false,near_mint,en,EUR
Turtle Lair,TMT,Teenage Mutant Ninja Turtles,190,normal,uncommon,1,111358,c50c4580-979b-4863-86b9-16e258198972,0.15,false,false,near_mint,en,EUR
Island,ECL,Lorwyn Eclipsed,275,normal,common,1,110300,12ebd9c8-6587-456e-aba9-7aad1c2a09ea,0.23,false,false,near_mint,en,EUR
Northampton Farm,TMT,Teenage Mutant Ninja Turtles,188,normal,rare,1,110954,dbca168e-095f-4fbc-88f8-3048d83caf94,0.39,false,false,near_mint,en,EUR
Forest,TMT,Teenage Mutant Ninja Turtles,195,normal,common,1,111256,6194850b-d70a-4f3e-be3e-bfb23ce1170b,0.17,false,false,near_mint,en,EUR
Mutant Town,TMT,Teenage Mutant Ninja Turtles,187,normal,common,1,111601,c6eac43d-08b6-45a4-803b-10a321a241d7,0.06,false,false,near_mint,en,EUR
TCRI Building,TMT,Teenage Mutant Ninja Turtles,189,normal,common,1,111586,8817a1d6-ef39-4e7c-8277-74aea012803b,0.05,false,false,near_mint,en,EUR
Plains,TMT,Teenage Mutant Ninja Turtles,191,normal,common,1,111192,1b405611-27d4-435a-8e8e-6d528626fd27,0.18,false,false,near_mint,en,EUR
Plains,ECL,Lorwyn Eclipsed,279,normal,common,1,110415,d8fdfa7d-fd11-4c11-8743-a21538474314,0.2,false,false,near_mint,en,EUR
Plains,EOE,Edge of Eternities,262,normal,common,1,106773,089ae01b-e042-4255-b0ee-17d8f416a8d9,0.64,false,false,near_mint,en,EUR
Plains,ECL,Lorwyn Eclipsed,274,normal,common,1,110352,6242dbef-8412-4ebd-9486-42cec1dc6794,0.23,false,false,near_mint,en,EUR
Island,ECL,Lorwyn Eclipsed,280,normal,common,1,110414,d6a5ba11-3156-4a0c-958d-5756e18b767b,0.24,false,false,near_mint,en,EUR
Island,LCI,The Lost Caverns of Ixalan,288,normal,common,1,86313,338e5b63-1fee-4a7c-af9b-483d383f79b7,0.37,false,false,near_mint,en,EUR
Island,DSK,Duskmourn: House of Horror,273,normal,common,1,95595,40e3bf00-84cc-498c-b214-1052b4904d92,0.38,false,false,near_mint,en,EUR
Tranquil Cove,IKO,Ikoria: Lair of Behemoths,257,normal,common,1,49820,366ac097-39cb-4401-87c7-1dd73bf34329,0.08,false,false,near_mint,en,EUR
Tranquil Cove,FDN,Foundations,270,normal,common,1,100719,7c9cabca-5bcc-4b97-b2ac-a345ad3ee43c,0.08,false,false,near_mint,en,EUR
Illegitimate Business,TMT,Teenage Mutant Ninja Turtles,186,normal,common,1,111583,71597acf-1ce6-46a8-b6c0-88755c8a377c,0.06,false,false,near_mint,en,EUR
Mountain,TMT,Teenage Mutant Ninja Turtles,194,normal,common,1,111257,6243f79f-b0e3-4fba-b899-7535e1a277e2,0.18,false,false,near_mint,en,EUR
"Shredder, Unrelenting",TMT,Teenage Mutant Ninja Turtles,74,normal,uncommon,2,111488,88a48867-5c65-483c-92b0-f70c53ea2a9e,0.11,false,false,near_mint,en,EUR
"Bebop, Warthog Warrior",TMT,Teenage Mutant Ninja Turtles,59,normal,common,2,111560,371ba16d-73f7-450c-8b1f-c05012a4ca93,0.06,false,false,near_mint,en,EUR
Insectoid Exterminator,TMT,Teenage Mutant Ninja Turtles,64,normal,common,2,111615,ff26f7ff-7f70-4204-9b48-de9e21dc89ec,0.04,false,false,near_mint,en,EUR
Tunnel Rats,TMT,Teenage Mutant Ninja Turtles,84,normal,common,3,111582,70faf7d8-008a-454a-a21b-702aa661b8f9,0.04,false,false,near_mint,en,EUR
Foot Mystic,TMT,Teenage Mutant Ninja Turtles,63,normal,common,2,111577,61e40a18-6cc8-436d-826b-1cf8cd037df3,0.04,false,false,near_mint,en,EUR
Anchovy & Banana Pizza,TMT,Teenage Mutant Ninja Turtles,57,normal,common,2,111568,44443ad2-ef8c-4106-ba1b-ee3fb6fd8b17,0.09,false,false,near_mint,en,EUR
Mouser Foundry,TMT,Teenage Mutant Ninja Turtles,96,normal,common,4,111490,8aae3bd6-a935-44a5-aa4d-a525b00cbf50,0.08,false,false,near_mint,en,EUR
Null Group Biological Assets,TMT,Teenage Mutant Ninja Turtles,98,normal,common,2,111536,eb44c134-fcd8-4ad8-841c-f1723ba93216,0.03,false,false,near_mint,en,EUR
Purple Dragon Punks,TMT,Teenage Mutant Ninja Turtles,100,normal,common,2,111596,bbe1d7e5-68e2-4458-aa3f-5e97fa8e7cae,0.04,false,false,near_mint,en,EUR
Rock Soldiers,TMT,Teenage Mutant Ninja Turtles,107,normal,common,2,111554,0fada65d-fd8d-4be9-b2bb-ea5cac78fdd7,0.03,false,false,near_mint,en,EUR
Mouser Attack!,TMT,Teenage Mutant Ninja Turtles,95,normal,common,3,111437,058490f4-0ada-45e6-b4f0-e433537f52d6,0.04,false,false,near_mint,en,EUR
Mutant Town Musicians,TMT,Teenage Mutant Ninja Turtles,97,normal,common,3,111446,2dbe9207-06e8-4837-8227-0f960490771b,0.04,false,false,near_mint,en,EUR
"Raphael, Tough Turtle",TMT,Teenage Mutant Ninja Turtles,104,normal,common,2,111390,f24c90c8-ed04-4b4e-8b19-c7d07a90c6b8,0.1,false,false,near_mint,en,EUR
"Zog, Triceraton Castaway",TMT,Teenage Mutant Ninja Turtles,111,normal,common,2,111502,a83a70ba-448e-45f3-b23b-6f38af54811f,0.05,false,false,near_mint,en,EUR
"Koya, Death from Above",TMT,Teenage Mutant Ninja Turtles,11,normal,uncommon,2,111584,7a4f1ccc-2225-4cd0-abef-0eb7a8eae9cf,0.08,false,false,near_mint,en,EUR
"April O'Neil, Kunoichi Trainee",TMT,Teenage Mutant Ninja Turtles,3,normal,common,2,111587,8b1982ea-686b-4acd-b677-47571430efb0,0.06,false,false,near_mint,en,EUR
"Lita, Little Orphan Amphibian",TMT,Teenage Mutant Ninja Turtles,19,normal,uncommon,3,111320,9fbaabb5-e981-4cbf-888c-46449412711f,0.11,false,false,near_mint,en,EUR
Grounded for Life,TMT,Teenage Mutant Ninja Turtles,7,normal,common,3,111479,72388199-85fa-4eba-9a9c-c2904e6da9ed,0.05,false,false,near_mint,en,EUR
Hamato Guardian Stance,TMT,Teenage Mutant Ninja Turtles,8,normal,common,2,111480,735b540b-b472-46fa-a232-d444cabf6c4c,0.05,false,false,near_mint,en,EUR
Uneasy Alliance,TMT,Teenage Mutant Ninja Turtles,28,normal,common,4,111575,5d9a4f9a-1e3a-4de8-a7c0-7158c6703b4e,0.04,false,false,near_mint,en,EUR
"Leonardo, Big Brother",TMT,Teenage Mutant Ninja Turtles,14,normal,common,2,111534,e802838f-cc8c-4313-8c3b-32a6a7248e64,0.15,false,false,near_mint,en,EUR
East Wind Avatar,TMT,Teenage Mutant Ninja Turtles,5,normal,common,2,111516,c9d5b56c-ad2a-4958-8783-4eceb8733610,0.04,false,false,near_mint,en,EUR
"Jennika, Bad Apple Big Sister",TMT,Teenage Mutant Ninja Turtles,10,normal,common,2,111501,a5b83101-e3ef-4ffe-a886-4fc2b57a0947,0.04,false,false,near_mint,en,EUR
Spell Pierce,NEO,Kamigawa: Neon Dynasty,80,normal,common,2,66596,beb42273-935b-4bda-849e-c163606cf89e,0.23,false,false,near_mint,en,EUR
Illvoi Galeblade,EOE,Edge of Eternities,58,normal,common,2,107060,769f7d13-a312-4d79-8639-6ae248452448,0.12,false,false,near_mint,en,EUR
Journey to Nowhere,ZEN,Zendikar,14,normal,common,2,22610,09cfe585-8a55-4b27-89e0-dfb6946fe1f3,0.53,false,false,near_mint,en,EUR
Banishing Light,BLB,Bloomburrow,1,normal,common,2,96011,25a06f82-ebdb-4dd6-bfe8-958018ce557c,0.06,false,false,near_mint,en,EUR
Lifestream's Blessing,FIC,Final Fantasy Commander,67,normal,rare,1,105916,48b4101b-3428-4b6b-818a-6097a093e9b5,0.73,false,false,near_mint,en,EUR
"Zada, Hedron Grinder",MUL,Multiverse Legends,25,normal,uncommon,1,81147,8994524c-b9ff-4ca0-9ff0-2d074911bfe6,0.1,false,false,near_mint,en,EUR
Abrade,INR,Innistrad Remastered,139,normal,common,1,102860,fee393c7-1868-4d11-93c3-3d143e0c8dd9,0.11,false,false,near_mint,en,EUR
Cathartic Reunion,IKO,Ikoria: Lair of Behemoths,110,normal,common,1,49967,43d93cfd-06d1-4c6a-87f6-9b6eaa2a995f,0.11,false,false,near_mint,en,EUR
Renegade Tactics,CMR,Commander Legends,195,normal,common,1,56116,7dfa0e65-1ce0-4f8e-a78b-2ade2d25e748,0.1,false,false,near_mint,en,EUR
Brute Force,MMA,Modern Masters,107,normal,common,1,16202,d8283d5c-9dc3-409b-b897-9bc61a6c9d57,0.18,false,false,near_mint,en,EUR
Goblin Surprise,FDN,Foundations,200,normal,common,2,101512,527dd5d4-5f72-40bb-8a9d-1f5ac3f81e2e,0.11,false,false,near_mint,en,EUR
Zookeeper Mechan,EOE,Edge of Eternities,170,normal,common,3,107744,8d5cd0be-4337-4aba-a4f6-5adab7735a73,0.1,false,false,near_mint,en,EUR
Witch's Mark,WOE,Wilds of Eldraine,158,normal,common,1,85235,0685afcb-06f6-4d18-b8c2-510764558dc1,0.16,false,false,near_mint,en,EUR
Boiling Blood,WTH,Weatherlight,92,normal,common,1,37205,3fcb85b6-ab5a-40db-aaae-555315f32877,0.1,false,false,near_mint,en,EUR
Rodeo Pyromancers,OTJ,Outlaws of Thunder Junction,143,normal,common,1,93381,df877a29-06e1-474d-8600-410bbec674ae,0.1,false,false,near_mint,en,EUR
Temur Battle Rage,2XM,Double Masters,146,normal,common,1,52170,88258dee-b5c0-4472-86d6-cc534c32fe27,0.28,false,false,near_mint,en,EUR
Thieving Otter,BLB,Bloomburrow,390,normal,common,3,96034,52a258be-39e3-4689-b2d0-7c353ce7d574,0.11,false,false,near_mint,en,EUR
Ominous Seas,IKO,Ikoria: Lair of Behemoths,61,normal,uncommon,1,50016,ce8965f2-756a-4461-a643-db024a11c2de,1.25,false,false,near_mint,en,EUR
Run Away Together,FDN,Foundations,162,normal,common,1,101614,e598eb7b-10dc-49e6-ac60-2fefa987173e,0.04,false,false,near_mint,en,EUR
Forbidden Friendship,IKO,Ikoria: Lair of Behemoths,119,normal,common,1,49958,e634baa3-2cdd-412a-9407-c347fe46f9b8,0.1,false,false,near_mint,en,EUR
Witness Protection,FDN,Foundations,168,normal,common,1,101621,f231e981-0069-43ce-ac1c-c85ced613e93,0.1,false,false,near_mint,en,EUR
Essence Flux,INR,Innistrad Remastered,64,normal,common,1,102778,c94b37df-aaa5-4981-be3b-c934a7971123,0.63,false,false,near_mint,en,EUR
Illvoi Operative,EOE,Edge of Eternities,61,normal,common,1,107773,d0ae9fc7-1802-4806-9996-1f1f458ff6a7,0.05,false,false,near_mint,en,EUR
Unable to Scream,DSK,Duskmourn: House of Horror,78,normal,common,1,98853,7c59e0cd-10a8-4a32-9c0a-a2c6ef1ed9a6,0.18,false,false,near_mint,en,EUR
Stun,INV,Invasion,172,normal,common,1,33161,d22f3ae8-a40b-4dab-abf4-3ab7b05191f7,0.17,false,false,near_mint,en,EUR
Siege-Gang Commander,LTC,Tales of Middle-earth Commander,228,normal,rare,1,83324,98b913e1-c26d-4a7d-9671-50d483304ba3,0.23,false,false,near_mint,en,EUR
Skirk Prospector,DMR,Dominaria Remastered,137,normal,common,1,77990,7bc508b3-8b38-4cf0-89a7-a2cb247ed083,0.17,false,false,near_mint,en,EUR
"Krenko, Mob Boss",CMM,Commander Masters,238,normal,rare,1,84162,27141cae-3ca1-4a4f-933f-9608bbcf9bd9,1.16,false,false,near_mint,en,EUR
Lightning Axe,INR,Innistrad Remastered,162,normal,uncommon,1,102669,90911c79-24c3-4566-b72c-02ccde083f1b,0.14,false,false,near_mint,en,EUR
Unexpected Windfall,PIP,Fallout,193,normal,common,1,92672,c5261d46-bf8c-4c29-8683-9a4fe4b23b8d,2.68,false,false,near_mint,en,EUR
Gleeful Demolition,ONE,Phyrexia: All Will Be One,134,normal,uncommon,1,78745,a3e4efa6-5783-4a51-99c6-116d1a8f01cf,0.27,false,false,near_mint,en,EUR
Anticipate,IKO,Ikoria: Lair of Behemoths,40,normal,common,1,50037,46b6dfb2-ffe4-44fb-bfd9-df11bc3193df,0.05,false,false,near_mint,en,EUR
Mind Stone,WHO,Doctor Who,244,normal,uncommon,1,87445,6ac8db7a-009a-4141-bba7-b5fdfaf8d245,0.24,false,false,near_mint,en,EUR
Melded Moxite,EOE,Edge of Eternities,143,normal,common,1,107421,474c067f-eb24-4ae8-b4c0-f6f8e24cdb2a,0.15,false,false,near_mint,en,EUR
Izzet Signet,LCC,The Lost Caverns of Ixalan Commander,306,normal,uncommon,1,88686,8f4f9cb2-4003-4588-af80-d47ec57f65f4,0.37,false,false,near_mint,en,EUR
Erudite Wizard,FDN,Foundations,37,normal,common,1,100835,9273c417-0fcd-4273-b24e-afff76336d0c,0.05,false,false,near_mint,en,EUR
Bellowing Crier,BLB,Bloomburrow,42,normal,common,3,96119,ca2215dd-6300-49cf-b9b2-3a840b786c31,0.07,false,false,near_mint,en,EUR
Quaketusk Boar,BLB,Bloomburrow,146,normal,uncommon,2,95869,2f2b7fd3-a139-49ea-8a89-b64261e868ef,0.09,false,false,near_mint,en,EUR
Alania's Pathmaker,BLB,Bloomburrow,123,normal,common,3,96123,d3871fe6-e26e-4ab4-bd81-7e3c7b8135c1,0.04,false,false,near_mint,en,EUR
Goblinslide,KTK,Khans of Tarkir,109,normal,uncommon,1,13289,a9d80e96-3956-4408-84fb-5f94a364eb41,0.18,false,false,near_mint,en,EUR
Grisly Salvage,DSC,Duskmourn: House of Horror Commander,219,normal,common,1,99068,1a9efda9-5f19-4e20-b3ec-ca2bd33fd089,0.23,false,false,near_mint,en,EUR
Myriad Landscape,PIP,Fallout,274,normal,uncommon,1,92138,4afe6542-9f4b-4afa-8568-272916125b4a,0.23,false,false,near_mint,en,EUR
Lord of Extinction,TDC,Tarkir: Dragonstorm Commander,295,normal,mythic,1,104620,4aaf4d64-b5ef-44ae-b25a-7a5ea8f72170,0.61,false,false,near_mint,en,EUR
Mulch,DSC,Duskmourn: House of Horror Commander,189,normal,common,1,99271,9f6afdab-b41f-4713-b74a-e90e8bbbaf0a,0.13,false,false,near_mint,en,EUR
Lethal Scheme,LCC,The Lost Caverns of Ixalan Commander,201,normal,rare,1,88757,a132a71e-f173-47bc-a014-444e3fd7c122,0.26,false,false,near_mint,en,EUR
Deathreap Ritual,DSC,Duskmourn: House of Horror Commander,86,normal,uncommon,1,99136,4980879b-87a4-4e5a-9f29-9136f022d849,0.25,false,false,near_mint,en,EUR
Golgari Signet,BLC,Bloomburrow Commander,272,normal,uncommon,1,96324,6a41e111-659e-4521-890f-19d814054dfc,0.35,false,false,near_mint,en,EUR
Talisman of Resilience,BLC,Bloomburrow Commander,288,normal,uncommon,1,96273,49766e23-74f5-4d6a-a882-53127028face,0.27,false,false,near_mint,en,EUR
Morbid Opportunist,BLC,Bloomburrow Commander,183,normal,uncommon,1,96238,318370d0-1c12-4228-b2c9-2a766e234091,0.28,false,false,near_mint,en,EUR
Binding the Old Gods,BLC,Bloomburrow Commander,248,normal,uncommon,1,96448,c04bcc93-78b6-4e30-9129-76e2f4b60230,0.26,false,false,near_mint,en,EUR
Jungle Hollow,BLC,Bloomburrow Commander,313,normal,common,1,96288,5401ef4c-b1e8-4f37-abe8-25c405d4f6ea,0.17,false,false,near_mint,en,EUR
Sword of the Squeak,BLC,Bloomburrow Commander,40,normal,rare,1,96411,a3f4d41d-69a5-412f-aa25-f1acc5cacab2,0.58,false,false,near_mint,en,EUR
Squirrel Sovereign,BLC,Bloomburrow Commander,240,normal,uncommon,1,96430,b4356e13-655b-40b8-ad08-4e28b7464a3c,0.24,false,false,near_mint,en,EUR
The Odd Acorn Gang,BLC,Bloomburrow Commander,7,foil,mythic,1,96345,791d9ea0-c70a-47a6-b8a3-0f5d36a5c44d,0.6,false,false,near_mint,en,EUR
Chittering Witch,TDC,Tarkir: Dragonstorm Commander,175,normal,rare,1,104763,7e361851-346e-4747-bbce-e2dc19e39b31,0.23,false,false,near_mint,en,EUR
"Shigeki, Jukai Visionary",TDC,Tarkir: Dragonstorm Commander,270,normal,rare,1,105034,ed8ea0da-c9d4-4158-aaa7-ebe2fe2b1e15,0.27,false,false,near_mint,en,EUR
Crawling Sensation,TDC,Tarkir: Dragonstorm Commander,252,normal,uncommon,1,104718,6d60bde4-5418-483f-9a75-17cf61927749,0.14,false,false,near_mint,en,EUR
Strategic Betrayal,TDM,Tarkir: Dragonstorm,94,normal,uncommon,1,105145,95617742-548d-464a-bb89-a858ffa9018f,0.46,false,false,near_mint,en,EUR
Nomad Outpost,TDM,Tarkir: Dragonstorm,263,normal,uncommon,1,104868,a68fbeaa-941f-4d53-becd-f93ed22b9a54,0.18,false,false,near_mint,en,EUR
Lightfoot Technique,TDM,Tarkir: Dragonstorm,14,normal,common,1,104910,baac1a41-d44d-4184-9147-b4233e73de65,0.07,false,false,near_mint,en,EUR
Worthy Cost,TDM,Tarkir: Dragonstorm,99,normal,common,1,104883,adc18edc-01d8-4a7e-a87b-a854e50aa75e,0.1,false,false,near_mint,en,EUR
Karakyk Guardian,TDM,Tarkir: Dragonstorm,312,normal,uncommon,1,105142,8b8a7d6a-c429-4b66-b5b0-953335c5108e,0.15,false,false,near_mint,en,EUR
Feral Deathgorger // Dusk Sight,TDM,Tarkir: Dragonstorm,298,normal,common,1,104664,58c446e6-8ffb-45ed-aca2-95161ac88d5c,0.07,false,false,near_mint,en,EUR
Winternight Stories,TDM,Tarkir: Dragonstorm,336,normal,rare,1,104948,c94538c3-320c-4903-a689-bb8e9f4ae40f,1.43,false,false,near_mint,en,EUR
"Ureni, the Song Unending",TDM,Tarkir: Dragonstorm,321,normal,mythic,1,104337,a683c32f-325a-42f5-826f-5cc978b8333c,4.62,false,false,near_mint,en,EUR
Graveshifter,ECL,Lorwyn Eclipsed,104,normal,uncommon,1,110848,dadb02b9-d3a0-4b51-bbc3-53b2316cd70d,0.11,false,false,near_mint,en,EUR
Stalactite Dagger,ECL,Lorwyn Eclipsed,261,normal,common,1,110762,6954df09-95f3-46cf-9ba8-2a1aea653d8f,0.1,false,false,near_mint,en,EUR
Dawnhand Dissident,ECL,Lorwyn Eclipsed,98,normal,rare,1,110357,6ac1f765-f348-4813-88dc-26376e0f3f33,0.65,false,false,near_mint,en,EUR
Boulder Dash,ECL,Lorwyn Eclipsed,127,normal,uncommon,1,110759,657a2a24-22d1-4bc2-9f22-ed361ae487e3,0.1,false,false,near_mint,en,EUR
Eclipsed Merrow,ECL,Lorwyn Eclipsed,221,normal,uncommon,1,110704,2352750d-404d-4928-9bdb-1b0db599b70f,0.11,false,false,near_mint,en,EUR
Pummeler for Hire,ECL,Lorwyn Eclipsed,190,normal,uncommon,1,110735,42208996-7b99-474e-aba7-75190d7ee8e2,0.07,false,false,near_mint,en,EUR
Stoic Grove-Guide,ECL,Lorwyn Eclipsed,243,normal,common,1,110730,3d5a3e25-c17a-47b1-a36d-d24d50e5bab3,0.05,false,false,near_mint,en,EUR
Riverguard's Reflexes,ECL,Lorwyn Eclipsed,33,normal,common,1,110782,88a79f3e-ca74-467c-b0a8-22802ac5b465,0.08,false,false,near_mint,en,EUR
Temporal Cleansing,ECL,Lorwyn Eclipsed,78,normal,common,1,110498,50ee7315-ec53-43d2-841e-8ec192b850f1,0.04,false,false,near_mint,en,EUR
Midnight Tilling,ECL,Lorwyn Eclipsed,182,normal,common,1,110619,c5112bbf-752c-41e7-9c61-4c81e6a77463,0.1,false,false,near_mint,en,EUR
Cinder Strike,ECL,Lorwyn Eclipsed,131,normal,common,1,110767,6fb6faa4-236c-4cae-9140-0981c44d2392,0.1,false,false,near_mint,en,EUR
Barbed Bloodletter,ECL,Lorwyn Eclipsed,86,normal,common,1,110790,8ff1a13c-e338-42e9-8eb3-b303fabd67de,0.06,false,false,near_mint,en,EUR
Sun-Dappled Celebrant,ECL,Lorwyn Eclipsed,37,normal,common,1,110376,91c715a5-6643-4064-a8a8-3e05dce15979,0.04,false,false,near_mint,en,EUR
Shimmercreep,ECL,Lorwyn Eclipsed,120,normal,uncommon,1,110662,f7c02899-5f0f-4b38-bbbc-fbc8c46419a6,0.11,false,false,near_mint,en,EUR
Tunnel Tipster,MKM,Murders at Karlov Manor,180,normal,common,1,90811,3e29b890-35b9-4e2a-9b4c-9417ca7db31d,0.09,false,false,near_mint,en,EUR
Offender at Large,MKM,Murders at Karlov Manor,138,normal,common,1,91301,f096ff4a-85f4-46f1-9478-e8921f21309d,0.03,false,false,near_mint,en,EUR
Crimestopper Sprite,MKM,Murders at Karlov Manor,49,normal,common,1,91243,dc4ac597-38f0-48b5-ac2d-dfb0b169f834,0.03,false,false,near_mint,en,EUR
Basilica Stalker,MKM,Murders at Karlov Manor,78,normal,common,1,91336,fdafea8f-283d-4f19-a74a-669bfbdfed98,0.05,false,false,near_mint,en,EUR
Agency Coroner,MKM,Murders at Karlov Manor,75,normal,common,1,91223,d63f2c23-e877-42e3-9362-5d003a173c6d,0.03,false,false,near_mint,en,EUR
Capture Sphere,IKO,Ikoria: Lair of Behemoths,44,normal,common,1,50033,3c1d2d9d-6eee-4334-bbbe-87e026fa6fc0,0.03,false,false,near_mint,en,EUR
"Gongaga, Reactor Town",FIN,Final Fantasy,280,normal,common,1,106580,7beccfa6-3e4b-4460-954e-870cb39e462d,0.06,false,false,near_mint,en,EUR
"Windurst, Federation Center",FIN,Final Fantasy,292,normal,common,1,106649,c74024bd-b383-468d-9cf5-d112a29f6457,0.07,false,false,near_mint,en,EUR
Defiled Crypt // Cadaver Lab,DSK,Duskmourn: House of Horror,91,normal,uncommon,1,99366,d94fb4da-0d3f-4d84-966b-914b84b23289,0.15,false,false,near_mint,en,EUR
Clockwork Percussionist,DSK,Duskmourn: House of Horror,130,normal,common,1,98695,10986e5a-9fc6-41e2-8352-289328245171,0.16,false,false,near_mint,en,EUR
Bashful Beastie,DSK,Duskmourn: House of Horror,169,normal,common,1,98909,c20fa7ee-a4c2-4eb0-9467-195f3b894fa0,0.03,false,false,near_mint,en,EUR
Bear Trap,DSK,Duskmourn: House of Horror,243,normal,common,1,98931,e27c27d6-dc3a-4420-bb35-d97dc216e002,0.05,false,false,near_mint,en,EUR
Balemurk Leech,DSK,Duskmourn: House of Horror,84,normal,common,1,99016,f0621b32-95c5-4f70-96cf-d46d20efc85d,0.08,false,false,near_mint,en,EUR
Emerge from the Cocoon,DSK,Duskmourn: House of Horror,5,normal,common,1,98813,3ba16fbf-2d44-4337-87cb-6ff6b84a258a,0.06,false,false,near_mint,en,EUR
Erratic Apparition,DSK,Duskmourn: House of Horror,54,normal,common,1,99287,a74fd612-2890-4333-a379-5bf7650fbb87,0.03,false,false,near_mint,en,EUR
Boilerbilges Ripper,DSK,Duskmourn: House of Horror,127,normal,common,1,99066,1a68009c-83cd-455f-81e9-bdd720d23a43,0.05,false,false,near_mint,en,EUR
Cursed Windbreaker,DSK,Duskmourn: House of Horror,47,normal,uncommon,1,98942,f651e216-f9da-4696-8a1d-6d674e9044c0,0.06,false,false,near_mint,en,EUR
Miasma Demon,DSK,Duskmourn: House of Horror,109,normal,uncommon,1,99196,6d167c00-75ff-4301-855a-8319b89e3689,0.07,false,false,near_mint,en,EUR
Pyroclasm,DSK,Duskmourn: House of Horror,149,normal,uncommon,1,98703,4391b0af-2f26-4a45-9e2a-5bd8e9838107,0.22,false,false,near_mint,en,EUR
Glimmer Seeker,DSK,Duskmourn: House of Horror,14,normal,uncommon,1,98646,7f06bbb1-0c7d-4803-9b35-8a2206803eed,0.11,false,false,near_mint,en,EUR
Disruption Protocol,NEO,Kamigawa: Neon Dynasty,51,normal,common,1,66631,053ab598-06a4-43ae-b9fd-c291bd05642c,0.13,false,false,near_mint,en,EUR
Thundersteel Colossus,NEO,Kamigawa: Neon Dynasty,261,normal,common,1,66904,b7d49f9c-2dd3-4aed-9b78-e1bcad354a35,0.09,false,false,near_mint,en,EUR
Raging Kronch,WAR,War of the Spark,141,normal,common,1,44263,ae38aa2d-6c0e-409a-bfc7-ed4281457670,0.04,false,false,near_mint,en,EUR
Totally Lost,WAR,War of the Spark,74,normal,common,1,44330,adffef78-f776-42d3-ab40-3347c8e5c88b,0.04,false,false,near_mint,en,EUR
Relentless Advance,WAR,War of the Spark,64,normal,common,1,44340,4258e242-91c6-4b30-86ec-7759705aa97c,0.05,false,false,near_mint,en,EUR
Wardscale Crocodile,WAR,War of the Spark,183,normal,common,1,44221,aa5341b9-06e4-4360-a75d-f405d468276e,0.04,false,false,near_mint,en,EUR
Exosuit Savior,EOE,Edge of Eternities,16,normal,common,2,107741,826c0455-a6ce-43ad-bd5c-0a5df169da90,0.03,false,false,near_mint,en,EUR
Radiant Strike,EOE,Edge of Eternities,29,normal,common,2,107484,8c38e4cb-918b-4493-872b-66c90dcfd339,0.06,false,false,near_mint,en,EUR
Focus Fire,EOE,Edge of Eternities,18,normal,common,1,107515,a9ddfcbc-0f84-4315-aaa3-ca54ff64d7de,0.14,false,false,near_mint,en,EUR
Swarm Culler,EOE,Edge of Eternities,119,normal,common,1,107700,2a8f583c-88b6-4797-b93e-3086845fc326,0.04,false,false,near_mint,en,EUR
Perigee Beckoner,EOE,Edge of Eternities,112,normal,common,2,107786,f3666a08-d449-496f-969a-bf21d4afbd77,0.1,false,false,near_mint,en,EUR
Temporal Intervention,EOE,Edge of Eternities,120,normal,common,1,107064,79f9525a-4cb7-411e-b7b5-2113e93bcbc3,0.17,false,false,near_mint,en,EUR
Hullcarver,EOE,Edge of Eternities,105,normal,common,1,107075,817b5b18-beb5-48c8-aa45-0515ff9ca5da,0.06,false,false,near_mint,en,EUR
Drill Too Deep,EOE,Edge of Eternities,133,normal,common,1,107760,b9d3b6e8-47c8-49e3-b204-8b659e127bde,0.08,false,false,near_mint,en,EUR
Kavaron Skywarden,EOE,Edge of Eternities,140,normal,common,1,107726,617038a8-0544-4d0e-8ff1-c786e60ecd59,0.04,false,false,near_mint,en,EUR
Slagdrill Scrapper,EOE,Edge of Eternities,160,normal,common,1,107694,155dcf54-8fdb-4715-97dc-4eb5d3d80d78,0.08,false,false,near_mint,en,EUR
Systems Override,EOE,Edge of Eternities,161,normal,uncommon,1,106980,2a34c71b-8d3c-435b-9cf8-4902f997d10d,0.11,false,false,near_mint,en,EUR
Rig for War,EOE,Edge of Eternities,156,normal,common,1,107710,3edd0515-dcc4-4cb5-8b54-9c00173d8a6d,0.09,false,false,near_mint,en,EUR
Mechanozoa,EOE,Edge of Eternities,66,normal,common,1,106948,0cb8d8ce-329a-4a97-b3d8-796703ebcb37,0.08,false,false,near_mint,en,EUR
Cryoshatter,EOE,Edge of Eternities,53,normal,common,1,107738,7b62b1e2-9e43-4a66-a647-7e5de2871f2a,0.1,false,false,near_mint,en,EUR
Cryogen Relic,EOE,Edge of Eternities,52,normal,common,1,107466,7bfb33b6-e2bf-498f-8c58-ae21a840cf75,0.51,false,false,near_mint,en,EUR
Germinating Wurm,EOE,Edge of Eternities,187,normal,common,2,107792,fcde173a-6314-4904-bddd-68b2ab1e4867,0.07,false,false,near_mint,en,EUR
Thawbringer,EOE,Edge of Eternities,211,normal,common,1,107691,0b7f934f-8eb4-408b-a55f-245ec5cc4a8a,0.06,false,false,near_mint,en,EUR
Blooming Stinger,EOE,Edge of Eternities,174,normal,common,1,107705,2ee859bd-d99c-4b1d-9372-7ff4fc1e8c6a,0.06,false,false,near_mint,en,EUR
Meltstrider's Gear,EOE,Edge of Eternities,198,normal,common,1,107775,d75629cb-91e2-46fa-9c80-6feb29e1ceb8,0.03,false,false,near_mint,en,EUR
Starfield Shepherd,EOE,Edge of Eternities,37,normal,uncommon,1,106954,1226e575-aa78-4c68-be1d-6e5c2dc6315b,0.26,false,false,near_mint,en,EUR
Monoist Circuit-Feeder,EOE,Edge of Eternities,110,normal,uncommon,1,107492,957ae7aa-98d6-402a-9b20-e3e5b7e8dfe3,0.06,false,false,near_mint,en,EUR
Bygone Colossus,EOE,Edge of Eternities,235,normal,uncommon,1,107016,4bb8f2ef-4398-4a07-9130-5005356a3b4a,0.18,false,false,near_mint,en,EUR
Requiem Monolith,EOE,Edge of Eternities,113,normal,rare,1,107477,837d710a-652f-4c60-a52d-d786231160a4,0.26,false,false,near_mint,en,EUR
Squire's Lightblade,EOE,Edge of Eternities,36,normal,common,1,107699,2a0accba-85d4-4aa4-a70c-80fcce48c261,0.05,false,false,near_mint,en,EUR
Depressurize,EOE,Edge of Eternities,95,normal,common,1,107697,25520d5a-1a83-42cc-8ace-8b1156019d64,0.07,false,false,near_mint,en,EUR
Red Tiger Mechan,EOE,Edge of Eternities,154,normal,common,2,107139,b7b2fa48-cd2d-42ea-afd8-8cbd7a1bcdab,0.05,false,false,near_mint,en,EUR
Foreboding Landscape,TDC,Tarkir: Dragonstorm Commander,365,normal,common,1,104970,cf53f97c-dd4c-44bd-93ba-faa6d64c985a,0.19,false,false,near_mint,en,EUR
Six,MH3,Modern Horizons 3,169,normal,rare,1,94688,f9246b68-580f-4f53-883d-7900880e4b0d,6.28,false,false,near_mint,en,EUR
Solemn Simulacrum,FDN,Foundations,729,foil,rare,1,101044,b89aae48-a783-468d-aa14-552307ec2021,0.3,false,false,near_mint,en,EUR
Gravelgill Scoundrel,ECL,Lorwyn Eclipsed,53,normal,common,1,110713,320bc30c-7a8a-411a-9f36-9c69126e131b,0.08,false,false,near_mint,en,EUR
Timid Shieldbearer,ECL,Lorwyn Eclipsed,39,normal,common,1,110699,1c672d38-a1a6-4912-a9a6-b11e7bf0cc67,0.04,false,false,near_mint,en,EUR
Scarblade Scout,ECL,Lorwyn Eclipsed,118,normal,common,1,110833,c2412fea-4591-4345-913f-edc2da9ad975,0.08,false,false,near_mint,en,EUR
Burning Curiosity,ECL,Lorwyn Eclipsed,129,normal,common,1,110521,689ed288-6228-4d7e-b198-56a12b8be299,0.11,false,false,near_mint,en,EUR
Tend the Sprigs,ECL,Lorwyn Eclipsed,197,normal,common,1,110324,388f6d9d-bb9a-4a3d-93c5-701db194863c,0.07,false,false,near_mint,en,EUR
Rooftop Percher,ECL,Lorwyn Eclipsed,2,normal,common,1,110464,2d89595c-1542-41fe-8d23-997522922698,0.08,false,false,near_mint,en,EUR
Surly Farrier,ECL,Lorwyn Eclipsed,196,normal,common,1,110431,056f7f51-18a9-4d80-8928-decaf4d12c0d,0.06,false,false,near_mint,en,EUR
Gathering Stone,ECL,Lorwyn Eclipsed,257,normal,uncommon,1,110547,81dfbfe1-143a-4637-b683-a34cfc51993d,0.35,false,false,near_mint,en,EUR
Bristlebane Outrider,ECL,Lorwyn Eclipsed,169,normal,uncommon,1,110724,38b17a3c-4457-47e3-986e-ff0b94c41b1a,0.43,false,false,near_mint,en,EUR
Gnarlbark Elm,ECL,Lorwyn Eclipsed,103,normal,uncommon,1,110700,1e9d65b6-22ff-49f2-8b2a-aeaef91088d3,0.08,false,false,near_mint,en,EUR
Soul Immolation,ECL,Lorwyn Eclipsed,156,normal,mythic,1,110703,234b70df-8c34-4da7-946e-b8b55a8df390,4.4,false,false,near_mint,en,EUR
Think Twice,TDC,Tarkir: Dragonstorm Commander,168,normal,common,1,104967,ce79538b-20a4-42f8-934f-bc4e2723133e,0.09,false,false,near_mint,en,EUR
Curse of the Swine,TDC,Tarkir: Dragonstorm Commander,149,normal,rare,1,104610,4967955e-66ce-4df5-a9fa-305c3f8e2e25,0.24,false,false,near_mint,en,EUR
Magma Opus,TDC,Tarkir: Dragonstorm Commander,296,normal,mythic,1,104482,1e568e10-30e4-42ba-b364-f65c93f7da32,0.34,false,false,near_mint,en,EUR
Talisman of Progress,TDC,Tarkir: Dragonstorm Commander,333,normal,uncommon,1,104836,9d6a5ed4-54b3-4660-8d41-953336f2fe74,0.45,false,false,near_mint,en,EUR
Boros Signet,TDC,Tarkir: Dragonstorm Commander,314,normal,uncommon,1,104614,49c37c0e-d363-4033-a069-710241cd9923,0.53,false,false,near_mint,en,EUR
Izzet Signet,TDC,Tarkir: Dragonstorm Commander,320,normal,common,1,104518,2c747a97-9070-4c1e-b7b7-52637fbb30e1,0.4,false,false,near_mint,en,EUR
Mystic Monastery,TDM,Tarkir: Dragonstorm,262,normal,uncommon,1,104945,c7b8a01c-c400-47c7-8270-78902efe850e,0.14,false,false,near_mint,en,EUR
Guttersnipe,TDC,Tarkir: Dragonstorm Commander,217,normal,uncommon,1,105072,fd5be605-c7c3-4c0b-a68e-65452b27d3ce,0.28,false,false,near_mint,en,EUR
Sol Ring,TDC,Tarkir: Dragonstorm Commander,106,normal,uncommon,1,104314,7b0ccfd4-f118-4497-9c5a-54cf12000e16,1.19,false,false,near_mint,en,EUR
Exotic Orchard,TDC,Tarkir: Dragonstorm Commander,360,normal,rare,1,104932,c2ea2395-4518-4683-8eed-59c43fb3328a,0.23,false,false,near_mint,en,EUR
Temple of Triumph,TDC,Tarkir: Dragonstorm Commander,407,normal,rare,1,104657,56f75be9-7373-4ceb-850d-425ef3be9bfc,0.18,false,false,near_mint,en,EUR
Swords to Plowshares,TDC,Tarkir: Dragonstorm Commander,134,normal,uncommon,1,105063,f87cf997-14b5-4a2c-a7d1-34b7de6561a2,1.72,false,false,near_mint,en,EUR
Transforming Flourish,TDC,Tarkir: Dragonstorm Commander,39,normal,rare,1,104805,914fdddb-cf66-4631-94e7-ce682a99fcf8,0.2,false,false,near_mint,en,EUR
Velomachus Lorehold,TDC,Tarkir: Dragonstorm Commander,309,normal,mythic,1,104646,523d8fe6-1efd-4278-82fe-ea4517e6665c,0.41,false,false,near_mint,en,EUR
"Mangara, the Diplomat",TDC,Tarkir: Dragonstorm Commander,124,normal,rare,1,104594,452b735c-791f-4843-9390-8803154cde62,0.74,false,false,near_mint,en,EUR
Shiny Impetus,TDC,Tarkir: Dragonstorm Commander,231,normal,common,1,104956,cc36705f-9b1a-42fe-bebd-f23c7af8a368,0.19,false,false,near_mint,en,EUR
Tempest Technique,TDC,Tarkir: Dragonstorm Commander,16,normal,rare,1,104673,5d5ee7cc-4854-4b52-ba9b-64d5a401fca1,0.52,false,false,near_mint,en,EUR
Azorius Signet,TDC,Tarkir: Dragonstorm Commander,312,normal,uncommon,1,104586,41c50b99-4a29-4bef-8d41-c548c8a61dac,0.24,false,false,near_mint,en,EUR
Transcendent Dragon,TDC,Tarkir: Dragonstorm Commander,22,normal,rare,1,104564,3c9a4205-eda8-4858-9d46-2428058c94fc,0.47,false,false,near_mint,en,EUR
Sonic Shrieker,TDM,Tarkir: Dragonstorm,318,normal,uncommon,1,104600,46a8ee3f-cee5-4971-9112-393f639a210e,0.15,false,false,near_mint,en,EUR
Austere Command,PIP,Fallout,156,normal,rare,1,92168,5215c18d-90cd-45df-ac14-99909c97c69e,0.5,false,false,near_mint,en,EUR
Temple of Enlightenment,TDC,Tarkir: Dragonstorm Commander,401,normal,rare,1,104489,20d3434d-d88e-4d00-84a7-ed027faac70f,0.15,false,false,near_mint,en,EUR
Temple of Epiphany,TDC,Tarkir: Dragonstorm Commander,402,normal,rare,1,104724,700b88b4-c461-45c8-90cb-9626c5c8338f,0.19,false,false,near_mint,en,EUR
Roaming Throne,LCI,The Lost Caverns of Ixalan,258,normal,rare,1,88390,32fd8b7c-baf3-4d3d-be6f-044a917b11a0,38.71,false,false,near_mint,en,EUR
Manaform Hellkite,TDC,Tarkir: Dragonstorm Commander,224,normal,mythic,1,104824,99d9d5d3-28eb-4d76-bdd9-718c74df0fbf,0.35,false,false,near_mint,en,EUR
Baral and Kari Zev,TDC,Tarkir: Dragonstorm Commander,282,normal,rare,1,105021,e777c383-161f-4a80-acb3-2a5c9ed5e927,0.18,false,false,near_mint,en,EUR
Time Wipe,TDC,Tarkir: Dragonstorm Commander,308,normal,rare,1,105030,eb4b75e6-3080-412b-bf40-b6029ea8bbfe,0.16,false,false,near_mint,en,EUR
Ancestral Vision,TDC,Tarkir: Dragonstorm Commander,144,normal,rare,1,104839,9ec075ba-db56-4dcf-b1dc-fe6270b7ab36,0.45,false,false,near_mint,en,EUR
Aligned Heart,TDC,Tarkir: Dragonstorm Commander,12,normal,rare,1,104848,a235cbda-3dc3-4aed-a911-90f26c330157,0.3,false,false,near_mint,en,EUR
Path of Ancestry,TDC,Tarkir: Dragonstorm Commander,382,normal,common,1,104906,b8504812-fcf5-47d3-977d-1d9a11231fd0,0.16,false,false,near_mint,en,EUR
Irrigated Farmland,TDC,Tarkir: Dragonstorm Commander,372,normal,rare,1,104452,1026ec63-e71e-4d0f-ba21-57caf688b4c2,0.18,false,false,near_mint,en,EUR
Hexing Squelcher,ECL,Lorwyn Eclipsed,145,normal,rare,1,110354,674960ce-ff33-4d5e-a24a-a4582b2e9809,14.73,false,false,near_mint,en,EUR
Firespitter Whelp,FDN,Foundations,197,normal,uncommon,1,100463,4b3a4c7d-3126-4bde-9dca-cb6a1e2f37c9,0.14,false,false,near_mint,en,EUR
Dockworker Drone,EOE,Edge of Eternities,11,normal,common,3,107784,eeff069f-427b-42ad-afb1-36f0e547fb74,0.08,false,false,near_mint,en,EUR
Insatiable Skittermaw,EOE,Edge of Eternities,108,normal,common,2,107195,e9d30cca-ea33-418f-bba3-5103f1dbd751,0.09,false,false,near_mint,en,EUR
Wurmwall Sweeper,EOE,Edge of Eternities,249,normal,common,2,107105,9ace282a-5901-4d36-ad21-17eb88bc5138,0.07,false,false,near_mint,en,EUR
Drix Fatemaker,EOE,Edge of Eternities,178,normal,common,2,107381,1beb7566-305e-4091-bdc4-cf4c789ac05a,0.07,false,false,near_mint,en,EUR
Diplomatic Relations,EOE,Edge of Eternities,177,normal,common,2,107778,e0a104c5-61fb-4733-97ab-a31a15a49443,0.03,false,false,near_mint,en,EUR
Summit Sentinel,ECL,Lorwyn Eclipsed,73,normal,common,2,110776,81251057-f270-4f05-9dc5-205c70e1f295,0.05,false,false,near_mint,en,EUR
Island,KLD,Kaladesh,255,normal,common,1,7388,197080a9-ebb5-4a8b-81f8-0368c5bba35a,0.08,false,false,near_mint,en,EUR
Island,ELD,Throne of Eldraine,254,normal,common,1,46084,4134cd82-6e48-4fc0-bcb4-1e3af369ef82,0.08,false,false,near_mint,en,EUR
Island,WHO,Doctor Who,199,normal,common,1,82671,12b2aae2-a0b4-4c52-8a43-a4155527bae9,0.13,false,false,near_mint,en,EUR
Island,M21,Core Set 2021,264,normal,common,1,50684,017fb3fc-433e-4853-bbac-99fa04b40233,0.04,false,false,near_mint,en,EUR
Island,M21,Core Set 2021,263,normal,common,1,51090,fc9a66a1-367c-4035-a22e-00fab55be5a0,0.04,false,false,near_mint,en,EUR
Island,JMP,Jumpstart,48,normal,common,1,51297,6a3c7c06-76e4-487d-a63f-4aed3bbb4638,0.14,false,false,near_mint,en,EUR
Island,XLN,Ixalan,267,normal,common,1,3745,9fc35243-3801-4c02-a8df-2ccf6ea71a17,0.13,false,false,near_mint,en,EUR
Island,MOM,March of the Machine,278,normal,common,1,81166,988bfa94-0c83-4057-a0c7-0ad885b8919c,0.04,false,false,near_mint,en,EUR
Island,AKH,Amonkhet,258,normal,common,1,5427,c559fc49-54f3-426f-b2d2-525790a249a5,0.09,false,false,near_mint,en,EUR
Island,ELD,Throne of Eldraine,256,normal,common,1,46082,772b4f6b-dc2b-4247-8f55-f37608d75725,0.1,false,false,near_mint,en,EUR
Island,LRW,Lorwyn,288,normal,common,1,25154,d714d196-8cbc-4b53-8219-21044a017bce,0.24,false,false,near_mint,en,EUR
Island,EOE,Edge of Eternities,269,normal,common,1,107124,aaa212be-1db5-4493-86c8-c01d29348e31,0.37,false,false,near_mint,en,EUR
Island,CLB,Commander Legends: Battle for Baldur's Gate,457,normal,common,1,68932,2995e06d-8145-485e-aeed-3da27a07545b,0.11,false,false,near_mint,en,EUR
Druid of the Cowl,FDN,Foundations,554,normal,common,1,101606,db2d0ee9-865c-4fc9-8cb6-540c597e1bf4,0.24,false,false,near_mint,en,EUR
Wilt,IKO,Ikoria: Lair of Behemoths,176,normal,common,1,49901,55987bab-c24f-4261-b97e-f0ad4474b0a0,0.12,false,false,near_mint,en,EUR
Mind Spring,BLB,Bloomburrow,389,normal,rare,1,96134,e7e7d174-eb7c-41ad-a241-cfbfdc71e3a7,0.21,false,false,near_mint,en,EUR
Stormcatch Mentor,BLB,Bloomburrow,234,normal,uncommon,1,95813,99754055-6d67-4fde-aff3-41f6af6ea764,0.23,false,false,near_mint,en,EUR
Sword of Vengeance,BLB,Bloomburrow,395,normal,rare,1,96136,f21b5fc1-7611-44ac-ad8d-1f0c6d4fc9a3,0.45,false,false,near_mint,en,EUR
Swamp,TDM,Tarkir: Dragonstorm,282,normal,common,1,104341,ac885eb7-9dae-4c48-b45c-97ef9c62c99e,0.18,false,false,near_mint,en,EUR
Forest,DSK,Duskmourn: House of Horror,285,normal,common,1,98935,e84c0880-728d-4ac2-b685-4f18f66c24db,0.12,false,false,near_mint,en,EUR
Island,LCI,The Lost Caverns of Ixalan,396,normal,common,1,88775,a5f9dab5-4b13-4a98-8a64-76e69f0ba511,0.08,false,false,near_mint,en,EUR
Island,EOE,Edge of Eternities,270,normal,common,1,106987,2fb9ecfd-8025-48c0-a306-b4deebde2949,0.14,false,false,near_mint,en,EUR
Mountain,IKO,Ikoria: Lair of Behemoths,271,normal,common,1,49806,e609028b-43b8-4aea-9f9a-25aa127482db,0.06,false,false,near_mint,en,EUR
Mountain,LCI,The Lost Caverns of Ixalan,400,normal,common,1,88859,be8e09c2-3384-4d00-a2d0-65d6b8056e30,0.12,false,false,near_mint,en,EUR
Mountain,MH3,Modern Horizons 3,307,normal,common,1,91787,e9744bb5-9ad1-4287-9929-1146377d975b,0.2,false,false,near_mint,en,EUR
Mountain,INR,Innistrad Remastered,294,normal,common,1,102851,f8739e90-a967-4e06-b966-1a15755a25bd,0.22,false,false,near_mint,en,EUR
Mountain,EOE,Edge of Eternities,274,normal,common,1,107186,de0ac2b0-175b-4e71-9172-ce2a72234818,0.13,false,false,near_mint,en,EUR
Mountain,LCI,The Lost Caverns of Ixalan,399,normal,common,1,88990,e82fc4bc-ac81-4ad6-8b33-781d047f60d5,0.07,false,false,near_mint,en,EUR
Island,ECL,Lorwyn Eclipsed,270,normal,common,1,110392,b0da67fb-1cb2-4105-ab5c-b7c680b8116c,0.12,false,false,near_mint,en,EUR
Mountain,ECL,Lorwyn Eclipsed,272,normal,common,1,110313,295b92bc-d66f-45d8-9bbe-5f5f13e39fd4,0.13,false,false,near_mint,en,EUR
Island,M21,Core Set 2021,265,normal,common,2,50693,0600d6d5-f6a1-47c3-a898-733fab10bbf5,0.05,false,false,near_mint,en,EUR
Island,BLB,Bloomburrow,371,normal,common,6,96025,46848fc2-ba58-4738-b4ce-0399d9053f48,0.11,false,false,near_mint,en,EUR
Island,BLB,Bloomburrow,372,normal,common,5,95998,10125dab-fe82-4796-b5db-3bd6ad389e1d,0.13,false,false,near_mint,en,EUR
Swiftwater Cliffs,BLB,Bloomburrow,397,normal,common,4,96078,89e43510-c444-4b2e-b2a0-528dcc09c899,0.1,false,false,near_mint,en,EUR
Charmed Sleep,BLB,Bloomburrow,388,normal,common,2,96063,7d171802-2604-45a5-a0f2-ab5afa1db5d5,0.1,false,false,near_mint,en,EUR
Rabid Gnaw,BLB,Bloomburrow,147,normal,uncommon,2,96014,2f815bae-820a-49f6-8eed-46f658e7b6ff,0.15,false,false,near_mint,en,EUR
Flame Lash,BLB,Bloomburrow,391,normal,common,3,96115,c6440439-7178-4a97-9e18-7fdef4b02678,0.09,false,false,near_mint,en,EUR
Pearl of Wisdom,BLB,Bloomburrow,64,normal,common,2,95625,13cb9575-1138-4f99-8e90-0eaf00bdf4a1,0.06,false,false,near_mint,en,EUR
Repel Calamity,BLB,Bloomburrow,27,normal,uncommon,2,95834,d068192a-6270-4981-819d-4945fa4a2b83,0.15,false,false,near_mint,en,EUR
Plains,BLB,Bloomburrow,369,normal,common,6,96024,449d4122-ee9d-477c-976a-809ba8cb1443,0.13,false,false,near_mint,en,EUR
Plains,BLB,Bloomburrow,370,normal,common,6,95991,031b61a1-db66-416d-8187-edc32123131f,0.13,false,false,near_mint,en,EUR
Rabid Bite,BLB,Bloomburrow,394,normal,common,2,96036,53a73200-b798-4bfd-a431-8b94e17b70be,0.15,false,false,near_mint,en,EUR
Blossoming Sands,BLB,Bloomburrow,396,normal,common,4,96135,ecfa2cc9-e427-4104-bad7-b0294e392b1f,0.11,false,false,near_mint,en,EUR
Carrot Cake,BLB,Bloomburrow,7,normal,common,2,95636,eb03bb4f-8b4b-417e-bfc6-294cd2186b2e,0.12,false,false,near_mint,en,EUR
Rabbit Response,BLB,Bloomburrow,26,normal,common,2,96114,c4ded450-346d-4917-917a-b62bc0267509,0.05,false,false,near_mint,en,EUR
Giant Growth,BLB,Bloomburrow,393,normal,common,2,96133,e70722d6-b4d5-45c2-9488-9a5eb0bdb9bd,0.11,false,false,near_mint,en,EUR
Hop to It,BLB,Bloomburrow,16,normal,uncommon,2,95851,ee7207f8-5daa-42af-aeea-7a489047110b,0.18,false,false,near_mint,en,EUR
Forest,BLB,Bloomburrow,377,normal,common,3,96021,43b3be4a-973d-4aeb-a94e-37e2710ac178,0.1,false,false,near_mint,en,EUR
Forest,BLB,Bloomburrow,378,normal,common,2,96108,bddc66f7-4e94-4857-ba7d-6b0083d0bfa0,0.09,false,false,near_mint,en,EUR
Swamp,EOE,Edge of Eternities,272,normal,common,2,106944,07ab266b-ad6a-422e-9277-27d9f48d2c29,0.15,false,false,near_mint,en,EUR
Island,LCI,The Lost Caverns of Ixalan,395,normal,common,3,88343,23e3ed2c-342b-44aa-8e3e-0c53602397c3,0.13,false,false,near_mint,en,EUR
Mountain,BLB,Bloomburrow,375,normal,common,2,96028,4b827c54-8bfe-4ef5-830e-e17b8690bbe7,0.12,false,false,near_mint,en,EUR
Island,TDM,Tarkir: Dragonstorm,279,normal,common,3,104252,1ff6acc9-581c-468f-894d-41f725da7f33,0.18,false,false,near_mint,en,EUR
Island,TDM,Tarkir: Dragonstorm,280,normal,common,2,104247,15be7923-6efc-4650-b8d1-f61cb33ef81d,0.18,false,false,near_mint,en,EUR
Plains,TDM,Tarkir: Dragonstorm,278,normal,common,2,104350,b8c391f2-b340-43c7-89e6-afac5b70491f,0.14,false,false,near_mint,en,EUR
Plains,TDM,Tarkir: Dragonstorm,277,normal,common,2,104245,12cff32a-a365-43ee-a196-8ce32b3bb9fd,0.13,false,false,near_mint,en,EUR
Mountain,TDM,Tarkir: Dragonstorm,283,normal,common,3,104355,bfa10a88-12e0-4b79-80bb-6f4620277e20,0.17,false,false,near_mint,en,EUR
Mountain,TDM,Tarkir: Dragonstorm,284,normal,common,2,104274,3df7c206-97b6-49d7-ba01-7a35fd8c61d9,0.18,false,false,near_mint,en,EUR
Temple Garden,ECL,Lorwyn Eclipsed,268,normal,rare,1,108951,6cdd2a74-63b3-4ff2-9c5a-a85dee63c3c9,6.86,false,false,near_mint,en,EUR
Plains,M21,Core Set 2021,260,normal,common,1,50800,4be96696-aff8-4ef9-97dc-8221ef745de9,0.05,false,false,near_mint,en,EUR
Plains,M21,Core Set 2021,262,normal,common,1,50888,8a299a1e-1ce9-4668-a5f5-c587081acf6b,0.04,false,false,near_mint,en,EUR
Plains,JMP,Jumpstart,44,normal,common,1,51165,25d96d9e-c6c2-4c51-ac57-b63dee0cf27a,0.14,false,false,near_mint,en,EUR
Thriving Heath,J22,Jumpstart 2022,824,normal,common,1,76895,ffa01378-4d7f-4700-9303-f0535468dc62,0.1,false,false,near_mint,en,EUR
Wall of Runes,M21,Core Set 2021,85,normal,common,1,50841,6ac0f66a-213f-463e-8ebb-35ff5940ea06,0.07,false,false,near_mint,en,EUR
Frost Breath,M21,Core Set 2021,51,normal,common,1,50769,393fc485-d3c1-4826-933d-89f66df769d4,0.08,false,false,near_mint,en,EUR
Rain of Revelation,M21,Core Set 2021,61,normal,uncommon,1,51030,da367981-9d6f-419f-9f58-f969b6183336,0.06,false,false,near_mint,en,EUR
Pulsar Squadron Ace,EOE,Edge of Eternities,28,normal,uncommon,1,107485,8d989cdc-cbd7-4b71-9589-59618597ac8a,0.05,false,false,near_mint,en,EUR
Gigastorm Titan,EOE,Edge of Eternities,57,normal,uncommon,1,107603,abc83e0a-0ae5-4087-a751-058a1ba6a920,0.07,false,false,near_mint,en,EUR
Remnant Elemental,EOE,Edge of Eternities,155,normal,uncommon,1,107475,830d5532-3b24-470e-912f-f0f5df1cb530,0.05,false,false,near_mint,en,EUR
Gravblade Heavy,EOE,Edge of Eternities,102,normal,common,1,107756,b3872341-d711-407b-85e4-46ccb99988e1,0.03,false,false,near_mint,en,EUR
Mental Modulation,EOE,Edge of Eternities,67,normal,common,1,107693,0f2d12fc-38a0-42e6-9caa-7c18bfcf0011,0.07,false,false,near_mint,en,EUR
Fiendish Panda,FDN,Foundations,120,normal,uncommon,1,100483,4e434d74-cad0-45f5-bc8d-f34aa5e1d879,0.13,false,false,near_mint,en,EUR
Gnarlid Colony,FDN,Foundations,224,normal,common,1,101508,47565d10-96bf-4fb0-820f-f20a44a76b6f,0.11,false,false,near_mint,en,EUR
Sanguine Syphoner,FDN,Foundations,68,normal,common,1,101582,b1daf5bb-c8e9-4e79-a532-ca92a9a885cd,0.08,false,false,near_mint,en,EUR
Vanguard Seraph,FDN,Foundations,28,normal,common,1,101503,4329c861-fc16-4a96-9c03-25af6ac2adc8,0.06,false,false,near_mint,en,EUR
Repurposing Bay,DFT,Aetherdrift,56,normal,rare,1,102905,0cf1ace1-b7f5-4bd9-a494-ee7cb6c1f854,0.79,false,false,near_mint,en,EUR
Apocalypse Runner,DFT,Aetherdrift,188,normal,uncommon,1,103185,971286f5-77ea-4824-91de-f0ac88c46238,0.07,false,false,near_mint,en,EUR
Nesting Bot,DFT,Aetherdrift,22,normal,uncommon,1,103118,7829c0ae-f72f-4195-ad43-775d7218565c,0.22,false,false,near_mint,en,EUR
Thundering Broodwagon,DFT,Aetherdrift,225,normal,uncommon,1,103457,2d1576d4-15a3-4e91-84ef-e71e258185e7,0.09,false,false,near_mint,en,EUR
Engine Rat,DFT,Aetherdrift,84,normal,common,1,103579,949d6137-98d3-4f46-ab1e-08d7492af307,0.12,false,false,near_mint,en,EUR
Thornwood Falls,DFT,Aetherdrift,266,normal,common,1,103015,4723a303-7f20-4399-8bc6-6a27a61a3532,0.05,false,false,near_mint,en,EUR
Hare Apparent,FDN,Foundations,15,normal,common,1,100907,9fc6f0e9-eb5f-4bc0-b3d7-756644b66d12,1.66,false,false,near_mint,en,EUR
Walking Sarcophagus,DFT,Aetherdrift,246,normal,common,1,103562,89ccbd73-9414-48a3-bdcf-e838fcffc08f,0.05,false,false,near_mint,en,EUR
Plains,EOE,Edge of Eternities,267,normal,common,1,107188,df31f72c-076e-4d8e-9975-6d6281ab71f6,0.1,false,false,near_mint,en,EUR
Lithobraking,EOE,Edge of Eternities,142,normal,uncommon,1,107438,5a22024c-2c0f-4487-98d1-ee89cf3dba89,0.1,false,false,near_mint,en,EUR
Gravkill,EOE,Edge of Eternities,103,normal,common,1,107333,cfa6c57f-a193-48cc-9764-d8348548a111,0.04,false,false,near_mint,en,EUR
Knight Luminary,EOE,Edge of Eternities,23,normal,common,1,107708,34334971-c1b7-4506-a6dd-77f66b3ae4e7,0.05,false,false,near_mint,en,EUR
Bombard,EOE,Edge of Eternities,129,normal,common,1,107698,29492df8-3077-4ded-a6e2-51d3bd4669b4,0.04,false,false,near_mint,en,EUR
Daring Mechanic,DFT,Aetherdrift,11,normal,common,1,103466,3382552c-2740-409a-83a1-80b60627beb8,0.03,false,false,near_mint,en,EUR
Veloheart Bike,DFT,Aetherdrift,184,normal,common,1,103144,85edde1a-f05c-4ce8-bedd-88359647aa0d,0.06,false,false,near_mint,en,EUR
Arcane Signet,LCC,The Lost Caverns of Ixalan Commander,299,normal,common,1,89059,fc6c69a0-ac24-4486-8893-a6303d08fc6e,0.42,false,false,near_mint,en,EUR
Item Shopkeep,FIN,Final Fantasy,142,normal,common,1,106293,bd2db3f5-fd0d-4817-af90-6bea1f07e16b,0.04,false,false,near_mint,en,EUR
Sol Ring,LCC,The Lost Caverns of Ixalan Commander,313,normal,uncommon,1,88376,2d47121d-8b90-4d28-9ffa-0a640b9dd611,0.94,false,false,near_mint,en,EUR
Swamp,OTJ,Outlaws of Thunder Junction,281,normal,common,1,93917,eb7dc259-9949-4673-a8f1-874396948392,0.1,false,false,near_mint,en,EUR
Fake Your Own Death,FDN,Foundations,174,normal,common,1,101539,693635a6-df50-44c5-9598-0c79b45d4df4,0.09,false,false,near_mint,en,EUR
Temple of Deceit,PIP,Fallout,303,normal,rare,1,92177,5460711e-dd15-476c-922f-3f1cd582d3f6,0.25,false,false,near_mint,en,EUR
Essence Capture,NEO,Kamigawa: Neon Dynasty,52,normal,uncommon,1,66624,f39bf1fa-b530-4353-a683-843466227109,0.09,false,false,near_mint,en,EUR
Dimir Aqueduct,DSC,Duskmourn: House of Horror Commander,270,normal,uncommon,1,99238,84bf9d60-64b8-4209-acfe-e07eefc6bf1f,0.16,false,false,near_mint,en,EUR
Whip of Erebos,DSC,Duskmourn: House of Horror Commander,159,normal,rare,1,99309,b738612f-4e78-4b19-9392-6c074956d6e4,6.86,false,false,near_mint,en,EUR
Polluted Cistern // Dim Oubliette,DSC,Duskmourn: House of Horror Commander,23,normal,rare,1,99194,6a7c3370-6f79-417e-a98e-4341307e151b,1.29,false,false,near_mint,en,EUR
Floral Evoker,TDC,Tarkir: Dragonstorm Commander,46,normal,rare,1,104591,4452f54b-1b44-4ccf-be99-7d3c2614d89a,0.37,false,false,near_mint,en,EUR
"Tasigur, the Golden Fang",TDC,Tarkir: Dragonstorm Commander,197,normal,rare,1,104468,175ad810-3cdd-43c7-99a9-8a2e8ad6dbae,0.17,false,false,near_mint,en,EUR
Nimble Thopterist,DFT,Aetherdrift,53,normal,common,1,103488,47717312-f6c6-4e86-ba6a-a30698962430,0.05,false,false,near_mint,en,EUR
Ripclaw Wrangler,DFT,Aetherdrift,101,normal,common,1,103642,d4981a4a-6eca-4f84-8715-8e2672507b59,0.06,false,false,near_mint,en,EUR
Rust Harvester,EOE,Edge of Eternities,159,normal,rare,1,107069,7ce58765-d2f4-4fbf-8635-580c9400ff2e,0.22,false,false,near_mint,en,EUR
Zealous Display,EOE,Edge of Eternities,45,normal,common,1,107787,f5973fd3-d6bc-48f1-8a44-57d2a6dda228,0.06,false,false,near_mint,en,EUR
Warlord's Fury,DOM,Dominaria,151,normal,common,1,2125,0ebd63cf-7e8c-4c8d-844d-98535d5f3039,0.15,false,false,near_mint,en,EUR
Point the Way,DFT,Aetherdrift,175,normal,uncommon,1,103573,8fd4c73d-0e9a-4ffe-8062-f2f4d0e601fe,0.07,false,false,near_mint,en,EUR
Sami's Curiosity,EOE,Edge of Eternities,203,normal,common,1,107460,703ad0f3-bd05-42b0-85fb-0cd37807dc91,0.06,false,false,near_mint,en,EUR
Plasma Bolt,EOE,Edge of Eternities,152,normal,common,1,107307,a1a1834b-76c2-4496-b8c5-18b69ab34c4c,0.1,false,false,near_mint,en,EUR
Selfcraft Mechan,EOE,Edge of Eternities,74,normal,common,1,107724,5b2de056-5c27-44d6-871d-909411bd52dd,0.05,false,false,near_mint,en,EUR
Lofty Denial,M21,Core Set 2021,56,normal,common,3,50836,64832674-beb1-446e-b2f7-8a5e271139a5,0.13,false,false,near_mint,en,EUR
"Tannuk, Memorial Ensign",EOE,Edge of Eternities,233,normal,uncommon,2,106779,52498b7b-0389-4e7b-b29f-7ac86aab9229,0.59,false,false,near_mint,en,EUR